x-axis,1,2
second,Volt,Volt
-200.000E+00,+9.669E+00,+24.255E+00
-199.900E+00,+9.669E+00,+24.095E+00
-199.800E+00,+9.749E+00,+24.135E+00
-199.700E+00,+9.870E+00,+24.054E+00
-199.600E+00,+9.830E+00,+24.215E+00
-199.500E+00,+9.870E+00,+23.853E+00
-199.400E+00,+9.709E+00,+24.416E+00
-199.300E+00,+9.870E+00,+24.175E+00
-199.200E+00,+9.749E+00,+24.175E+00
-199.100E+00,+9.870E+00,+24.054E+00
-199.000E+00,+9.870E+00,+24.255E+00
-198.900E+00,+9.870E+00,+23.853E+00
-198.800E+00,+9.870E+00,+24.175E+00
-198.700E+00,+9.991E+00,+24.175E+00
-198.600E+00,+10.232E+00,+24.054E+00
-198.500E+00,+10.071E+00,+24.255E+00
-198.400E+00,+10.071E+00,+24.135E+00
-198.300E+00,+10.071E+00,+24.255E+00
-198.200E+00,+9.991E+00,+24.135E+00
-198.100E+00,+10.111E+00,+24.054E+00
-198.000E+00,+10.071E+00,+24.054E+00
-197.900E+00,+10.111E+00,+24.095E+00
-197.800E+00,+10.071E+00,+24.054E+00
-197.700E+00,+10.071E+00,+24.135E+00
-197.600E+00,+10.232E+00,+24.054E+00
-197.500E+00,+10.071E+00,+24.054E+00
-197.400E+00,+10.232E+00,+24.095E+00
-197.300E+00,+10.071E+00,+23.974E+00
-197.200E+00,+10.393E+00,+24.215E+00
-197.100E+00,+10.232E+00,+24.095E+00
-197.000E+00,+10.272E+00,+24.255E+00
-196.900E+00,+10.433E+00,+24.054E+00
-196.800E+00,+10.393E+00,+24.175E+00
-196.700E+00,+10.473E+00,+24.054E+00
-196.600E+00,+10.272E+00,+24.095E+00
-196.500E+00,+10.272E+00,+24.054E+00
-196.400E+00,+10.312E+00,+24.095E+00
-196.300E+00,+10.473E+00,+24.255E+00
-196.200E+00,+10.473E+00,+24.054E+00
-196.100E+00,+10.473E+00,+24.095E+00
-196.000E+00,+10.674E+00,+24.255E+00
-195.900E+00,+10.473E+00,+24.054E+00
-195.800E+00,+10.393E+00,+24.175E+00
-195.700E+00,+10.473E+00,+24.135E+00
-195.600E+00,+10.473E+00,+24.054E+00
-195.500E+00,+10.674E+00,+24.054E+00
-195.400E+00,+10.674E+00,+24.095E+00
-195.300E+00,+10.594E+00,+24.054E+00
-195.200E+00,+10.553E+00,+24.255E+00
-195.100E+00,+10.674E+00,+24.095E+00
-195.000E+00,+10.674E+00,+24.255E+00
-194.900E+00,+10.835E+00,+24.054E+00
-194.800E+00,+10.553E+00,+24.135E+00
-194.700E+00,+10.795E+00,+24.175E+00
-194.600E+00,+10.714E+00,+24.054E+00
-194.500E+00,+10.674E+00,+24.054E+00
-194.400E+00,+10.674E+00,+24.255E+00
-194.300E+00,+10.795E+00,+24.054E+00
-194.200E+00,+10.674E+00,+24.135E+00
-194.100E+00,+10.915E+00,+24.215E+00
-194.000E+00,+10.875E+00,+24.255E+00
-193.900E+00,+10.835E+00,+24.255E+00
-193.800E+00,+10.875E+00,+24.135E+00
-193.700E+00,+10.875E+00,+24.135E+00
-193.600E+00,+10.915E+00,+24.095E+00
-193.500E+00,+10.875E+00,+24.255E+00
-193.400E+00,+10.835E+00,+24.095E+00
-193.300E+00,+10.996E+00,+24.135E+00
-193.200E+00,+10.875E+00,+24.054E+00
-193.100E+00,+11.036E+00,+24.095E+00
-193.000E+00,+10.875E+00,+24.255E+00
-192.900E+00,+11.036E+00,+23.894E+00
-192.800E+00,+11.076E+00,+23.974E+00
-192.700E+00,+11.156E+00,+24.135E+00
-192.600E+00,+11.076E+00,+24.054E+00
-192.500E+00,+10.875E+00,+24.255E+00
-192.400E+00,+11.277E+00,+24.054E+00
-192.300E+00,+11.156E+00,+24.255E+00
-192.200E+00,+10.955E+00,+24.135E+00
-192.100E+00,+11.076E+00,+24.255E+00
-192.000E+00,+11.277E+00,+24.255E+00
-191.900E+00,+11.237E+00,+24.095E+00
-191.800E+00,+11.076E+00,+23.974E+00
-191.700E+00,+11.398E+00,+24.135E+00
-191.600E+00,+11.317E+00,+24.054E+00
-191.500E+00,+11.277E+00,+24.054E+00
-191.400E+00,+11.277E+00,+24.054E+00
-191.300E+00,+11.277E+00,+24.135E+00
-191.200E+00,+11.277E+00,+23.853E+00
-191.100E+00,+11.277E+00,+24.255E+00
-191.000E+00,+11.478E+00,+24.054E+00
-190.900E+00,+11.478E+00,+24.054E+00
-190.800E+00,+11.478E+00,+24.054E+00
-190.700E+00,+11.478E+00,+24.296E+00
-190.600E+00,+11.317E+00,+24.095E+00
-190.500E+00,+11.679E+00,+24.255E+00
-190.400E+00,+11.478E+00,+24.095E+00
-190.300E+00,+11.478E+00,+24.054E+00
-190.200E+00,+11.478E+00,+23.934E+00
-190.100E+00,+11.679E+00,+24.054E+00
-190.000E+00,+11.478E+00,+24.054E+00
-189.900E+00,+11.518E+00,+24.054E+00
-189.800E+00,+11.719E+00,+24.175E+00
-189.700E+00,+11.679E+00,+24.255E+00
-189.600E+00,+11.639E+00,+24.054E+00
-189.500E+00,+11.679E+00,+24.255E+00
-189.400E+00,+11.679E+00,+24.255E+00
-189.300E+00,+11.759E+00,+24.135E+00
-189.200E+00,+11.679E+00,+24.255E+00
-189.100E+00,+11.840E+00,+24.255E+00
-189.000E+00,+11.679E+00,+24.054E+00
-188.900E+00,+11.960E+00,+24.215E+00
-188.800E+00,+11.759E+00,+24.255E+00
-188.700E+00,+11.880E+00,+24.054E+00
-188.600E+00,+11.880E+00,+24.255E+00
-188.500E+00,+11.880E+00,+24.054E+00
-188.400E+00,+11.719E+00,+24.054E+00
-188.300E+00,+11.960E+00,+24.135E+00
-188.200E+00,+11.880E+00,+24.255E+00
-188.100E+00,+11.880E+00,+24.054E+00
-188.000E+00,+11.880E+00,+24.255E+00
-187.900E+00,+11.880E+00,+24.095E+00
-187.800E+00,+11.960E+00,+24.054E+00
-187.700E+00,+11.880E+00,+24.175E+00
-187.600E+00,+11.920E+00,+24.054E+00
-187.500E+00,+12.282E+00,+24.255E+00
-187.400E+00,+12.081E+00,+24.376E+00
-187.300E+00,+12.081E+00,+24.054E+00
-187.200E+00,+12.001E+00,+24.175E+00
-187.100E+00,+12.081E+00,+24.215E+00
-187.000E+00,+12.081E+00,+24.255E+00
-186.900E+00,+12.081E+00,+24.215E+00
-186.800E+00,+12.001E+00,+24.175E+00
-186.700E+00,+12.322E+00,+24.054E+00
-186.600E+00,+12.081E+00,+24.255E+00
-186.500E+00,+12.081E+00,+24.054E+00
-186.400E+00,+12.242E+00,+24.215E+00
-186.300E+00,+12.282E+00,+24.135E+00
-186.200E+00,+12.081E+00,+24.054E+00
-186.100E+00,+12.161E+00,+24.054E+00
-186.000E+00,+12.282E+00,+24.054E+00
-185.900E+00,+12.322E+00,+24.095E+00
-185.800E+00,+12.362E+00,+24.054E+00
-185.700E+00,+12.282E+00,+24.175E+00
-185.600E+00,+12.282E+00,+24.255E+00
-185.500E+00,+12.483E+00,+23.853E+00
-185.400E+00,+12.322E+00,+23.894E+00
-185.300E+00,+12.362E+00,+24.054E+00
-185.200E+00,+12.362E+00,+24.135E+00
-185.100E+00,+12.604E+00,+23.894E+00
-185.000E+00,+12.282E+00,+22.647E+00
-184.900E+00,+12.483E+00,+19.994E+00
-184.800E+00,+12.483E+00,+11.833E+00
-184.700E+00,+12.362E+00,+11.270E+00
-184.600E+00,+12.684E+00,+10.788E+00
-184.500E+00,+12.483E+00,+10.788E+00
-184.400E+00,+12.644E+00,+10.788E+00
-184.300E+00,+12.483E+00,+10.587E+00
-184.200E+00,+12.483E+00,+10.788E+00
-184.100E+00,+12.483E+00,+10.587E+00
-184.000E+00,+12.684E+00,+10.587E+00
-183.900E+00,+12.684E+00,+10.587E+00
-183.800E+00,+12.684E+00,+10.507E+00
-183.700E+00,+12.684E+00,+10.466E+00
-183.600E+00,+12.845E+00,+10.265E+00
-183.500E+00,+12.885E+00,+10.386E+00
-183.400E+00,+12.724E+00,+10.346E+00
-183.300E+00,+12.805E+00,+10.185E+00
-183.200E+00,+12.764E+00,+10.386E+00
-183.100E+00,+12.684E+00,+10.346E+00
-183.000E+00,+12.885E+00,+9.984E+00
-182.900E+00,+12.885E+00,+10.145E+00
-182.800E+00,+12.764E+00,+10.185E+00
-182.700E+00,+12.764E+00,+9.984E+00
-182.600E+00,+12.885E+00,+10.024E+00
-182.500E+00,+13.086E+00,+9.984E+00
-182.400E+00,+13.046E+00,+10.145E+00
-182.300E+00,+13.006E+00,+9.863E+00
-182.200E+00,+12.885E+00,+9.863E+00
-182.100E+00,+13.086E+00,+9.944E+00
-182.000E+00,+13.086E+00,+9.783E+00
-181.900E+00,+13.086E+00,+9.783E+00
-181.800E+00,+13.086E+00,+9.783E+00
-181.700E+00,+12.965E+00,+9.823E+00
-181.600E+00,+13.086E+00,+9.743E+00
-181.500E+00,+13.287E+00,+9.783E+00
-181.400E+00,+13.086E+00,+9.622E+00
-181.300E+00,+13.207E+00,+9.582E+00
-181.200E+00,+13.126E+00,+9.582E+00
-181.100E+00,+13.247E+00,+9.542E+00
-181.000E+00,+13.086E+00,+9.381E+00
-180.900E+00,+13.126E+00,+9.542E+00
-180.800E+00,+13.166E+00,+9.301E+00
-180.700E+00,+13.166E+00,+9.180E+00
-180.600E+00,+13.448E+00,+9.341E+00
-180.500E+00,+13.287E+00,+9.180E+00
-180.400E+00,+13.287E+00,+9.180E+00
-180.300E+00,+13.367E+00,+9.180E+00
-180.200E+00,+13.287E+00,+9.381E+00
-180.100E+00,+13.327E+00,+9.180E+00
-180.000E+00,+13.287E+00,+9.180E+00
-179.900E+00,+13.327E+00,+9.140E+00
-179.800E+00,+13.488E+00,+8.979E+00
-179.700E+00,+13.408E+00,+9.059E+00
-179.600E+00,+13.327E+00,+9.140E+00
-179.500E+00,+13.488E+00,+9.180E+00
-179.400E+00,+13.448E+00,+9.019E+00
-179.300E+00,+13.488E+00,+9.100E+00
-179.200E+00,+13.488E+00,+9.100E+00
-179.100E+00,+13.488E+00,+8.979E+00
-179.000E+00,+13.689E+00,+8.778E+00
-178.900E+00,+13.488E+00,+9.140E+00
-178.800E+00,+13.689E+00,+8.858E+00
-178.700E+00,+13.609E+00,+8.979E+00
-178.600E+00,-944E-03,+7.813E+00
-178.500E+00,+222E-03,+2.949E+00
-178.400E+00,+1.468E+00,+1.019E+00
-178.300E+00,-1.024E+00,+336E-03
-178.200E+00,-502E-03,+336E-03
-178.100E+00,-220E-03,+135E-03
-178.000E+00,+21E-03,+336E-03
-177.900E+00,-1.266E+00,+135E-03
-177.800E+00,+785E-03,+336E-03
-177.700E+00,+423E-03,+54E-03
-177.600E+00,+302E-03,+336E-03
-177.500E+00,-1.587E+00,+336E-03
-177.400E+00,-663E-03,+175E-03
-177.300E+00,-1.306E+00,+215E-03
-177.200E+00,-1.185E+00,+175E-03
-177.100E+00,-2.070E+00,+336E-03
-177.000E+00,+825E-03,-66E-03
-176.900E+00,-100E-03,+135E-03
-176.800E+00,-1.788E+00,+215E-03
-176.700E+00,-1.507E+00,+215E-03
-176.600E+00,-180E-03,-26E-03
-176.500E+00,-1.587E+00,+135E-03
-176.400E+00,-421E-03,+336E-03
-176.300E+00,+141E-03,+215E-03
-176.200E+00,-823E-03,+255E-03
-176.100E+00,-622E-03,+336E-03
-176.000E+00,-582E-03,+336E-03
-175.900E+00,-1.467E+00,+336E-03
-175.800E+00,-783E-03,+255E-03
-175.700E+00,-984E-03,+255E-03
-175.600E+00,-1.346E+00,-26E-03
-175.500E+00,-1.587E+00,+336E-03
-175.400E+00,+262E-03,+296E-03
-175.300E+00,-140E-03,+255E-03
-175.200E+00,+865E-03,+336E-03
-175.100E+00,+704E-03,+296E-03
-175.000E+00,-180E-03,+135E-03
-174.900E+00,-261E-03,+336E-03
-174.800E+00,-180E-03,+135E-03
-174.700E+00,-462E-03,+175E-03
-174.600E+00,-783E-03,+336E-03
-174.500E+00,-582E-03,+336E-03
-174.400E+00,-1.788E+00,+336E-03
-174.300E+00,+584E-03,+215E-03
-174.200E+00,-421E-03,+255E-03
-174.100E+00,-502E-03,+336E-03
-174.000E+00,-984E-03,+336E-03
-173.900E+00,+543E-03,+296E-03
-173.800E+00,-1.105E+00,+336E-03
-173.700E+00,-1.909E+00,+255E-03
-173.600E+00,+141E-03,+336E-03
-173.500E+00,+825E-03,+336E-03
-173.400E+00,-743E-03,+135E-03
-173.300E+00,-502E-03,+215E-03
-173.200E+00,+1.106E+00,+135E-03
-173.100E+00,+262E-03,+175E-03
-173.000E+00,+825E-03,+135E-03
-172.900E+00,-1.266E+00,+135E-03
-172.800E+00,+141E-03,+95E-03
-172.700E+00,+503E-03,+255E-03
-172.600E+00,-100E-03,+336E-03
-172.500E+00,+825E-03,+336E-03
-172.400E+00,-1.949E+00,+296E-03
-172.300E+00,-1.869E+00,+215E-03
-172.200E+00,+825E-03,+215E-03
-172.100E+00,+21E-03,+135E-03
-172.000E+00,-1.587E+00,+336E-03
-171.900E+00,-582E-03,+175E-03
-171.800E+00,+302E-03,+135E-03
-171.700E+00,-904E-03,+255E-03
-171.600E+00,-1.065E+00,+135E-03
-171.500E+00,+1.026E+00,+336E-03
-171.400E+00,-1.869E+00,+135E-03
-171.300E+00,-261E-03,+215E-03
-171.200E+00,-1.507E+00,+336E-03
-171.100E+00,-2.190E+00,+175E-03
-171.000E+00,+423E-03,+336E-03
-170.900E+00,-1.949E+00,+135E-03
-170.800E+00,+262E-03,+135E-03
-170.700E+00,+905E-03,+336E-03
-170.600E+00,-542E-03,+456E-03
-170.500E+00,-1.185E+00,+336E-03
-170.400E+00,-19E-03,+135E-03
-170.300E+00,+302E-03,+215E-03
-170.200E+00,-622E-03,+255E-03
-170.100E+00,-140E-03,+175E-03
-170.000E+00,-1.989E+00,+537E-03
-169.900E+00,-1.306E+00,+296E-03
-169.800E+00,+664E-03,+215E-03
-169.700E+00,-1.587E+00,+336E-03
-169.600E+00,-1.266E+00,+296E-03
-169.500E+00,+21E-03,+135E-03
-169.400E+00,-783E-03,+456E-03
-169.300E+00,-1.547E+00,+135E-03
-169.200E+00,-1.024E+00,+255E-03
-169.100E+00,-1.105E+00,+456E-03
-169.000E+00,-1.788E+00,+336E-03
-168.900E+00,-1.386E+00,+135E-03
-168.800E+00,+182E-03,+336E-03
-168.700E+00,-1.105E+00,+336E-03
-168.600E+00,-180E-03,+175E-03
-168.500E+00,+624E-03,+135E-03
-168.400E+00,-1.386E+00,+336E-03
-168.300E+00,-1.105E+00,+456E-03
-168.200E+00,+101E-03,+255E-03
-168.100E+00,-1.628E+00,+175E-03
-168.000E+00,-2.190E+00,+336E-03
-167.900E+00,-1.628E+00,+336E-03
-167.800E+00,-341E-03,+215E-03
-167.700E+00,+383E-03,+255E-03
-167.600E+00,-542E-03,+497E-03
-167.500E+00,-984E-03,+135E-03
-167.400E+00,-1.829E+00,+14E-03
-167.300E+00,-582E-03,+215E-03
-167.200E+00,-1.266E+00,+215E-03
-167.100E+00,-462E-03,+296E-03
-167.000E+00,+825E-03,+336E-03
-166.900E+00,+302E-03,+336E-03
-166.800E+00,-743E-03,+336E-03
-166.700E+00,-1.628E+00,+135E-03
-166.600E+00,-19E-03,+336E-03
-166.500E+00,-984E-03,+135E-03
-166.400E+00,+141E-03,+296E-03
-166.300E+00,-180E-03,+135E-03
-166.200E+00,+664E-03,+215E-03
-166.100E+00,-1.386E+00,+14E-03
-166.000E+00,-180E-03,+336E-03
-165.900E+00,+423E-03,+336E-03
-165.800E+00,-1.507E+00,+336E-03
-165.700E+00,-421E-03,+416E-03
-165.600E+00,-1.467E+00,+336E-03
-165.500E+00,+825E-03,+135E-03
-165.400E+00,-582E-03,+175E-03
-165.300E+00,-180E-03,+215E-03
-165.200E+00,-622E-03,+296E-03
-165.100E+00,-1.427E+00,+175E-03
-165.000E+00,-1.587E+00,+135E-03
-164.900E+00,-1.628E+00,+135E-03
-164.800E+00,-703E-03,+135E-03
-164.700E+00,-1.266E+00,+215E-03
-164.600E+00,+785E-03,+135E-03
-164.500E+00,-1.989E+00,+336E-03
-164.400E+00,-60E-03,+175E-03
-164.300E+00,+543E-03,+255E-03
-164.200E+00,-1.427E+00,+135E-03
-164.100E+00,-19E-03,+135E-03
-164.000E+00,-1.587E+00,+336E-03
-163.900E+00,-582E-03,+175E-03
-163.800E+00,-743E-03,+215E-03
-163.700E+00,+584E-03,+336E-03
-163.600E+00,-1.547E+00,+175E-03
-163.500E+00,-783E-03,+336E-03
-163.400E+00,-622E-03,+255E-03
-163.300E+00,-783E-03,+336E-03
-163.200E+00,-663E-03,+296E-03
-163.100E+00,-743E-03,+296E-03
-163.000E+00,-783E-03,+336E-03
-162.900E+00,-783E-03,+175E-03
-162.800E+00,-783E-03,+336E-03
-162.700E+00,-663E-03,+255E-03
-162.600E+00,-421E-03,+336E-03
-162.500E+00,-582E-03,-66E-03
-162.400E+00,-582E-03,+135E-03
-162.300E+00,-622E-03,+255E-03
-162.200E+00,-582E-03,+336E-03
-162.100E+00,-421E-03,+135E-03
-162.000E+00,-582E-03,+336E-03
-161.900E+00,-542E-03,+175E-03
-161.800E+00,-381E-03,+135E-03
-161.700E+00,-502E-03,+255E-03
-161.600E+00,-381E-03,+456E-03
-161.500E+00,-381E-03,+135E-03
-161.400E+00,-180E-03,+336E-03
-161.300E+00,-180E-03,+215E-03
-161.200E+00,-341E-03,+135E-03
-161.100E+00,-180E-03,+336E-03
-161.000E+00,-381E-03,+336E-03
-160.900E+00,-19E-03,+336E-03
-160.800E+00,-261E-03,+336E-03
-160.700E+00,-180E-03,+215E-03
-160.600E+00,-180E-03,+336E-03
-160.500E+00,-180E-03,+336E-03
-160.400E+00,-220E-03,+296E-03
-160.300E+00,-180E-03,+215E-03
-160.200E+00,-100E-03,+336E-03
-160.100E+00,-100E-03,+336E-03
-160.000E+00,+222E-03,+135E-03
-159.900E+00,+21E-03,+175E-03
-159.800E+00,-100E-03,+215E-03
-159.700E+00,+141E-03,+336E-03
-159.600E+00,+61E-03,+175E-03
-159.500E+00,+21E-03,+135E-03
-159.400E+00,+61E-03,+135E-03
-159.300E+00,+222E-03,+255E-03
-159.200E+00,+101E-03,+215E-03
-159.100E+00,+61E-03,+135E-03
-159.000E+00,-180E-03,+135E-03
-158.900E+00,+182E-03,+175E-03
-158.800E+00,+222E-03,+135E-03
-158.700E+00,+342E-03,+376E-03
-158.600E+00,+101E-03,+215E-03
-158.500E+00,+222E-03,+336E-03
-158.400E+00,+383E-03,+336E-03
-158.300E+00,+423E-03,+215E-03
-158.200E+00,+222E-03,+336E-03
-158.100E+00,+423E-03,+296E-03
-158.000E+00,+222E-03,+135E-03
-157.900E+00,+262E-03,+336E-03
-157.800E+00,+423E-03,+215E-03
-157.700E+00,+503E-03,+215E-03
-157.600E+00,+463E-03,+135E-03
-157.500E+00,+423E-03,+135E-03
-157.400E+00,+463E-03,+135E-03
-157.300E+00,+543E-03,+135E-03
-157.200E+00,+624E-03,+215E-03
-157.100E+00,+584E-03,+135E-03
-157.000E+00,+423E-03,+336E-03
-156.900E+00,+624E-03,+336E-03
-156.800E+00,+624E-03,+215E-03
-156.700E+00,-984E-03,+336E-03
-156.600E+00,-381E-03,+135E-03
-156.500E+00,+423E-03,-66E-03
-156.400E+00,-140E-03,+296E-03
-156.300E+00,-904E-03,+537E-03
-156.200E+00,+61E-03,+215E-03
-156.100E+00,-2.030E+00,+135E-03
-156.000E+00,+423E-03,+135E-03
-155.900E+00,-2.030E+00,+175E-03
-155.800E+00,-1.748E+00,+135E-03
-155.700E+00,-1.427E+00,+255E-03
-155.600E+00,-864E-03,+296E-03
-155.500E+00,-1.185E+00,+135E-03
-155.400E+00,+624E-03,+135E-03
-155.300E+00,-1.266E+00,+14E-03
-155.200E+00,-1.708E+00,+14E-03
-155.100E+00,+584E-03,-66E-03
-155.000E+00,+825E-03,-66E-03
-154.900E+00,+182E-03,+54E-03
-154.800E+00,+61E-03,+14E-03
-154.700E+00,+584E-03,+54E-03
-154.600E+00,-1.306E+00,-26E-03
-154.500E+00,-1.989E+00,+336E-03
-154.400E+00,+302E-03,-66E-03
-154.300E+00,-944E-03,+14E-03
-154.200E+00,-663E-03,+54E-03
-154.100E+00,+744E-03,-26E-03
-154.000E+00,-984E-03,+135E-03
-153.900E+00,-823E-03,+95E-03
-153.800E+00,-783E-03,+135E-03
-153.700E+00,-703E-03,-66E-03
-153.600E+00,-622E-03,+135E-03
-153.500E+00,-783E-03,-66E-03
-153.400E+00,-743E-03,-66E-03
-153.300E+00,-663E-03,+135E-03
-153.200E+00,-582E-03,-66E-03
-153.100E+00,-743E-03,+95E-03
-153.000E+00,-582E-03,-66E-03
-152.900E+00,-622E-03,-26E-03
-152.800E+00,-582E-03,+14E-03
-152.700E+00,-462E-03,+54E-03
-152.600E+00,-582E-03,-66E-03
-152.500E+00,-381E-03,-66E-03
-152.400E+00,-703E-03,-66E-03
-152.300E+00,-381E-03,-66E-03
-152.200E+00,-381E-03,+14E-03
-152.100E+00,-421E-03,-66E-03
-152.000E+00,-381E-03,-66E-03
-151.900E+00,-341E-03,+95E-03
-151.800E+00,-381E-03,+135E-03
-151.700E+00,-261E-03,-66E-03
-151.600E+00,-261E-03,+95E-03
-151.500E+00,-180E-03,-66E-03
-151.400E+00,-140E-03,+95E-03
-151.300E+00,-261E-03,+14E-03
-151.200E+00,-261E-03,+54E-03
-151.100E+00,-19E-03,-66E-03
-151.000E+00,-180E-03,+135E-03
-150.900E+00,-220E-03,+135E-03
-150.800E+00,-60E-03,-66E-03
-150.700E+00,-180E-03,+135E-03
-150.600E+00,-19E-03,+255E-03
-150.500E+00,+21E-03,-66E-03
-150.400E+00,+21E-03,-26E-03
-150.300E+00,+101E-03,-66E-03
-150.200E+00,+141E-03,+135E-03
-150.100E+00,+21E-03,-26E-03
-150.000E+00,+222E-03,-66E-03
-149.900E+00,+141E-03,-227E-03
-149.800E+00,+21E-03,-66E-03
-149.700E+00,+302E-03,-66E-03
-149.600E+00,+182E-03,-26E-03
-149.500E+00,+21E-03,-66E-03
-149.400E+00,+222E-03,+296E-03
-149.300E+00,+423E-03,-147E-03
-149.200E+00,+222E-03,+54E-03
-149.100E+00,+262E-03,-66E-03
-149.000E+00,+423E-03,+135E-03
-148.900E+00,+222E-03,-66E-03
-148.800E+00,+342E-03,+135E-03
-148.700E+00,+383E-03,+54E-03
-148.600E+00,+383E-03,+135E-03
-148.500E+00,+423E-03,-267E-03
-148.400E+00,+423E-03,-66E-03
-148.300E+00,+423E-03,+54E-03
-148.200E+00,+423E-03,+14E-03
-148.100E+00,+584E-03,-66E-03
-148.000E+00,+624E-03,-66E-03
-147.900E+00,+584E-03,+135E-03
-147.800E+00,+624E-03,+135E-03
-147.700E+00,+624E-03,+54E-03
-147.600E+00,+584E-03,+95E-03
-147.500E+00,+624E-03,-66E-03
-147.400E+00,+785E-03,+135E-03
-147.300E+00,+704E-03,-66E-03
-147.200E+00,+825E-03,+54E-03
-147.100E+00,+785E-03,-26E-03
-147.000E+00,+825E-03,+336E-03
-146.900E+00,+664E-03,-26E-03
-146.800E+00,+744E-03,-66E-03
-146.700E+00,+744E-03,-147E-03
-146.600E+00,+825E-03,-26E-03
-146.500E+00,+624E-03,+135E-03
-146.400E+00,+825E-03,-66E-03
-146.300E+00,+945E-03,+135E-03
-146.200E+00,+825E-03,-66E-03
-146.100E+00,+865E-03,-66E-03
-146.000E+00,+825E-03,-66E-03
-145.900E+00,+825E-03,+95E-03
-145.800E+00,+905E-03,+135E-03
-145.700E+00,+1.026E+00,+135E-03
-145.600E+00,+1.026E+00,+135E-03
-145.500E+00,+1.428E+00,-66E-03
-145.400E+00,+1.026E+00,+95E-03
-145.300E+00,+1.026E+00,+135E-03
-145.200E+00,+1.146E+00,-66E-03
-145.100E+00,+1.227E+00,-66E-03
-145.000E+00,+1.227E+00,-66E-03
-144.900E+00,+1.066E+00,+135E-03
-144.800E+00,+1.347E+00,+135E-03
-144.700E+00,+1.227E+00,+135E-03
-144.600E+00,+1.388E+00,-66E-03
-144.500E+00,+1.227E+00,+135E-03
-144.400E+00,+1.227E+00,-66E-03
-144.300E+00,+1.307E+00,-66E-03
-144.200E+00,+1.307E+00,+54E-03
-144.100E+00,+1.388E+00,-26E-03
-144.000E+00,+1.428E+00,-66E-03
-143.900E+00,+1.347E+00,-227E-03
-143.800E+00,+1.428E+00,+54E-03
-143.700E+00,+1.307E+00,-106E-03
-143.600E+00,+1.468E+00,-26E-03
-143.500E+00,+1.629E+00,+135E-03
-143.400E+00,+1.548E+00,-26E-03
-143.300E+00,+1.428E+00,-66E-03
-143.200E+00,+1.428E+00,+54E-03
-143.100E+00,+1.629E+00,-66E-03
-143.000E+00,+1.629E+00,-66E-03
-142.900E+00,+1.629E+00,-26E-03
-142.800E+00,+1.508E+00,-66E-03
-142.700E+00,+1.629E+00,+135E-03
-142.600E+00,+1.629E+00,-66E-03
-142.500E+00,+1.629E+00,-66E-03
-142.400E+00,+1.589E+00,-66E-03
-142.300E+00,+1.629E+00,-66E-03
-142.200E+00,+1.629E+00,+54E-03
-142.100E+00,+1.790E+00,+135E-03
-142.000E+00,+1.830E+00,-66E-03
-141.900E+00,+1.830E+00,+95E-03
-141.800E+00,+1.870E+00,+135E-03
-141.700E+00,+1.749E+00,+14E-03
-141.600E+00,+1.830E+00,-26E-03
-141.500E+00,+2.031E+00,-66E-03
-141.400E+00,+1.830E+00,+95E-03
-141.300E+00,+1.950E+00,-66E-03
-141.200E+00,+2.031E+00,+255E-03
-141.100E+00,+2.031E+00,-26E-03
-141.000E+00,+2.031E+00,+135E-03
-140.900E+00,+2.031E+00,-66E-03
-140.800E+00,+1.991E+00,+54E-03
-140.700E+00,+2.031E+00,-26E-03
-140.600E+00,+2.192E+00,+95E-03
-140.500E+00,+2.232E+00,-66E-03
-140.400E+00,+2.031E+00,-66E-03
-140.300E+00,+2.232E+00,-66E-03
-140.200E+00,+2.232E+00,+54E-03
-140.100E+00,+2.272E+00,-26E-03
-140.000E+00,+2.232E+00,-66E-03
-139.900E+00,+2.393E+00,-66E-03
-139.800E+00,+2.433E+00,+14E-03
-139.700E+00,+2.232E+00,-66E-03
-139.600E+00,+2.272E+00,-66E-03
-139.500E+00,+2.232E+00,-66E-03
-139.400E+00,+2.594E+00,-187E-03
-139.300E+00,+2.312E+00,+14E-03
-139.200E+00,+2.352E+00,+175E-03
-139.100E+00,+2.232E+00,-66E-03
-139.000E+00,+2.433E+00,-66E-03
-138.900E+00,+2.433E+00,-66E-03
-138.800E+00,+2.513E+00,+135E-03
-138.700E+00,+2.433E+00,-66E-03
-138.600E+00,+2.473E+00,+135E-03
-138.500E+00,+2.634E+00,+135E-03
-138.400E+00,+2.433E+00,+54E-03
-138.300E+00,+2.634E+00,-66E-03
-138.200E+00,+2.513E+00,-66E-03
-138.100E+00,+2.795E+00,-26E-03
-138.000E+00,+2.634E+00,-66E-03
-137.900E+00,+2.634E+00,+95E-03
-137.800E+00,+2.835E+00,-26E-03
-137.700E+00,+2.754E+00,+135E-03
-137.600E+00,+2.634E+00,-26E-03
-137.500E+00,+2.835E+00,+135E-03
-137.400E+00,+2.674E+00,+95E-03
-137.300E+00,+2.835E+00,-66E-03
-137.200E+00,+2.835E+00,+54E-03
-137.100E+00,+2.955E+00,-66E-03
-137.000E+00,+2.634E+00,-66E-03
-136.900E+00,+2.674E+00,-66E-03
-136.800E+00,+2.714E+00,-66E-03
-136.700E+00,+2.754E+00,+175E-03
-136.600E+00,+2.875E+00,+95E-03
-136.500E+00,+3.036E+00,-66E-03
-136.400E+00,+2.875E+00,-66E-03
-136.300E+00,+2.835E+00,+135E-03
-136.200E+00,+3.036E+00,+54E-03
-136.100E+00,+3.036E+00,-66E-03
-136.000E+00,+3.036E+00,+135E-03
-135.900E+00,+3.036E+00,+135E-03
-135.800E+00,+3.036E+00,-26E-03
-135.700E+00,+3.036E+00,+54E-03
-135.600E+00,+3.076E+00,+135E-03
-135.500E+00,+3.237E+00,+135E-03
-135.400E+00,+3.197E+00,+95E-03
-135.300E+00,+3.237E+00,+54E-03
-135.200E+00,+3.237E+00,+135E-03
-135.100E+00,+3.277E+00,+135E-03
-135.000E+00,+3.438E+00,-66E-03
-134.900E+00,+3.277E+00,-66E-03
-134.800E+00,+3.317E+00,+135E-03
-134.700E+00,+3.237E+00,-66E-03
-134.600E+00,+3.558E+00,-66E-03
-134.500E+00,+3.639E+00,-66E-03
-134.400E+00,+3.478E+00,+95E-03
-134.300E+00,+3.357E+00,-66E-03
-134.200E+00,+3.438E+00,-66E-03
-134.100E+00,+3.398E+00,+95E-03
-134.000E+00,+3.438E+00,+336E-03
-133.900E+00,+3.398E+00,+95E-03
-133.800E+00,+3.438E+00,+54E-03
-133.700E+00,+3.719E+00,+54E-03
-133.600E+00,+3.639E+00,+135E-03
-133.500E+00,+3.639E+00,+135E-03
-133.400E+00,+3.599E+00,+95E-03
-133.300E+00,+3.639E+00,-66E-03
-133.200E+00,+3.438E+00,+135E-03
-133.100E+00,+3.599E+00,-26E-03
-133.000E+00,+3.639E+00,+135E-03
-132.900E+00,+3.518E+00,+95E-03
-132.800E+00,+3.639E+00,+135E-03
-132.700E+00,+3.639E+00,-66E-03
-132.600E+00,+3.639E+00,+135E-03
-132.500E+00,+3.639E+00,+135E-03
-132.400E+00,+3.800E+00,+135E-03
-132.300E+00,+3.759E+00,+14E-03
-132.200E+00,+3.840E+00,+135E-03
-132.100E+00,+4.041E+00,+135E-03
-132.000E+00,+3.840E+00,+336E-03
-131.900E+00,+3.840E+00,-66E-03
-131.800E+00,+4.041E+00,-66E-03
-131.700E+00,+4.041E+00,+336E-03
-131.600E+00,+3.880E+00,+95E-03
-131.500E+00,+3.840E+00,+135E-03
-131.400E+00,+3.880E+00,-26E-03
-131.300E+00,+4.041E+00,+54E-03
-131.200E+00,+3.920E+00,+14E-03
-131.100E+00,+4.242E+00,+135E-03
-131.000E+00,+4.041E+00,+336E-03
-130.900E+00,+4.081E+00,+255E-03
-130.800E+00,+4.161E+00,+135E-03
-130.700E+00,+4.041E+00,+14E-03
-130.600E+00,+4.081E+00,+14E-03
-130.500E+00,+4.242E+00,+135E-03
-130.400E+00,+4.202E+00,-26E-03
-130.300E+00,+4.121E+00,+54E-03
-130.200E+00,+4.161E+00,+135E-03
-130.100E+00,+4.242E+00,+175E-03
-130.000E+00,+4.443E+00,-66E-03
-129.900E+00,+4.403E+00,-26E-03
-129.800E+00,+4.242E+00,+336E-03
-129.700E+00,+4.242E+00,+135E-03
-129.600E+00,+4.242E+00,-26E-03
-129.500E+00,+4.443E+00,-66E-03
-129.400E+00,+4.483E+00,+135E-03
-129.300E+00,+4.443E+00,-66E-03
-129.200E+00,+4.563E+00,+135E-03
-129.100E+00,+4.483E+00,+135E-03
-129.000E+00,+4.443E+00,+336E-03
-128.900E+00,+4.684E+00,+135E-03
-128.800E+00,+4.443E+00,+54E-03
-128.700E+00,+4.443E+00,+215E-03
-128.600E+00,+4.644E+00,+135E-03
-128.500E+00,+4.644E+00,+135E-03
-128.400E+00,+4.644E+00,+296E-03
-128.300E+00,+4.644E+00,+255E-03
-128.200E+00,+4.764E+00,+255E-03
-128.100E+00,+4.845E+00,+135E-03
-128.000E+00,+4.644E+00,+336E-03
-127.900E+00,+4.805E+00,+135E-03
-127.800E+00,+4.644E+00,+296E-03
-127.700E+00,+4.764E+00,+135E-03
-127.600E+00,+4.845E+00,+376E-03
-127.500E+00,+4.845E+00,-66E-03
-127.400E+00,+4.885E+00,+135E-03
-127.300E+00,+4.845E+00,+135E-03
-127.200E+00,+4.845E+00,+215E-03
-127.100E+00,+5.006E+00,+296E-03
-127.000E+00,+5.046E+00,+336E-03
-126.900E+00,+5.006E+00,+336E-03
-126.800E+00,+4.925E+00,+215E-03
-126.700E+00,+4.965E+00,+255E-03
-126.600E+00,+4.845E+00,+135E-03
-126.500E+00,+5.046E+00,+336E-03
-126.400E+00,+4.885E+00,+135E-03
-126.300E+00,+5.046E+00,+336E-03
-126.200E+00,+5.006E+00,+336E-03
-126.100E+00,+5.086E+00,+135E-03
-126.000E+00,+5.046E+00,+336E-03
-125.900E+00,+5.207E+00,+175E-03
-125.800E+00,+5.247E+00,+336E-03
-125.700E+00,+5.207E+00,+336E-03
-125.600E+00,+5.287E+00,+336E-03
-125.500E+00,+5.247E+00,+537E-03
-125.400E+00,+5.207E+00,+296E-03
-125.300E+00,+5.247E+00,+336E-03
-125.200E+00,+5.327E+00,+336E-03
-125.100E+00,+5.448E+00,+336E-03
-125.000E+00,+5.247E+00,+135E-03
-124.900E+00,+5.287E+00,+376E-03
-124.800E+00,+5.327E+00,+336E-03
-124.700E+00,+5.448E+00,+416E-03
-124.600E+00,+5.327E+00,+537E-03
-124.500E+00,+5.448E+00,+336E-03
-124.400E+00,+5.448E+00,+336E-03
-124.300E+00,+5.448E+00,+336E-03
-124.200E+00,+5.367E+00,+255E-03
-124.100E+00,+5.649E+00,+376E-03
-124.000E+00,+5.649E+00,+537E-03
-123.900E+00,+5.488E+00,+336E-03
-123.800E+00,+5.649E+00,+537E-03
-123.700E+00,+5.528E+00,+336E-03
-123.600E+00,+5.448E+00,+497E-03
-123.500E+00,+5.850E+00,+537E-03
-123.400E+00,+5.649E+00,+336E-03
-123.300E+00,+5.649E+00,+336E-03
-123.200E+00,+5.649E+00,+456E-03
-123.100E+00,+5.689E+00,+376E-03
-123.000E+00,+5.850E+00,+336E-03
-122.900E+00,+5.689E+00,+376E-03
-122.800E+00,+5.769E+00,+296E-03
-122.700E+00,+5.729E+00,+416E-03
-122.600E+00,+5.689E+00,+376E-03
-122.500E+00,+5.850E+00,+537E-03
-122.400E+00,+5.850E+00,+416E-03
-122.300E+00,+5.729E+00,+336E-03
-122.200E+00,+5.850E+00,+416E-03
-122.100E+00,+6.051E+00,+577E-03
-122.000E+00,+5.850E+00,+336E-03
-121.900E+00,+5.890E+00,+336E-03
-121.800E+00,+6.131E+00,+456E-03
-121.700E+00,+5.970E+00,+537E-03
-121.600E+00,+6.011E+00,+537E-03
-121.500E+00,+6.051E+00,+336E-03
-121.400E+00,+6.091E+00,+577E-03
-121.300E+00,+6.051E+00,+537E-03
-121.200E+00,+6.051E+00,+657E-03
-121.100E+00,+6.212E+00,+497E-03
-121.000E+00,+6.051E+00,+537E-03
-120.900E+00,+6.252E+00,+376E-03
-120.800E+00,+6.252E+00,+537E-03
-120.700E+00,+6.252E+00,+537E-03
-120.600E+00,+6.252E+00,+537E-03
-120.500E+00,+6.252E+00,+738E-03
-120.400E+00,+6.252E+00,+577E-03
-120.300E+00,+6.252E+00,+537E-03
-120.200E+00,+6.252E+00,+537E-03
-120.100E+00,+6.292E+00,+738E-03
-120.000E+00,+6.252E+00,+336E-03
-119.900E+00,+6.252E+00,+537E-03
-119.800E+00,+6.212E+00,+738E-03
-119.700E+00,+6.453E+00,+617E-03
-119.600E+00,+6.614E+00,+537E-03
-119.500E+00,+6.654E+00,+537E-03
-119.400E+00,+6.614E+00,+537E-03
-119.300E+00,+6.533E+00,+657E-03
-119.200E+00,+6.332E+00,+657E-03
-119.100E+00,+6.493E+00,+577E-03
-119.000E+00,+6.453E+00,+738E-03
-118.900E+00,+6.614E+00,+738E-03
-118.800E+00,+6.573E+00,+657E-03
-118.700E+00,+6.533E+00,+738E-03
-118.600E+00,+6.614E+00,+738E-03
-118.500E+00,+6.855E+00,+738E-03
-118.400E+00,+6.654E+00,+698E-03
-118.300E+00,+6.573E+00,+617E-03
-118.200E+00,+6.774E+00,+738E-03
-118.100E+00,+6.654E+00,+698E-03
-118.000E+00,+6.654E+00,+939E-03
-117.900E+00,+6.694E+00,+899E-03
-117.800E+00,+6.734E+00,+738E-03
-117.700E+00,+6.855E+00,+818E-03
-117.600E+00,+6.694E+00,+738E-03
-117.500E+00,+6.855E+00,+939E-03
-117.400E+00,+6.855E+00,+738E-03
-117.300E+00,+7.056E+00,+738E-03
-117.200E+00,+6.855E+00,+738E-03
-117.100E+00,+6.855E+00,+698E-03
-117.000E+00,+6.855E+00,+738E-03
-116.900E+00,+7.096E+00,+738E-03
-116.800E+00,+7.056E+00,+617E-03
-116.700E+00,+6.976E+00,+858E-03
-116.600E+00,+7.016E+00,+899E-03
-116.500E+00,+6.855E+00,+738E-03
-116.400E+00,+7.056E+00,+738E-03
-116.300E+00,+6.935E+00,+858E-03
-116.200E+00,+7.016E+00,+738E-03
-116.100E+00,+7.056E+00,+899E-03
-116.000E+00,+7.056E+00,+738E-03
-115.900E+00,+7.257E+00,+939E-03
-115.800E+00,+7.016E+00,+818E-03
-115.700E+00,+7.257E+00,+738E-03
-115.600E+00,+7.297E+00,+778E-03
-115.500E+00,+7.257E+00,+738E-03
-115.400E+00,+7.096E+00,+899E-03
-115.300E+00,+7.177E+00,+939E-03
-115.200E+00,+7.378E+00,+738E-03
-115.100E+00,+7.257E+00,+979E-03
-115.000E+00,+7.257E+00,+738E-03
-114.900E+00,+7.297E+00,+778E-03
-114.800E+00,+7.257E+00,+657E-03
-114.700E+00,+7.378E+00,+1.019E+00
-114.600E+00,+7.458E+00,+738E-03
-114.500E+00,+7.458E+00,+738E-03
-114.400E+00,+7.619E+00,+899E-03
-114.300E+00,+7.538E+00,+818E-03
-114.200E+00,+7.579E+00,+657E-03
-114.100E+00,+7.659E+00,+778E-03
-114.000E+00,+7.659E+00,+738E-03
-113.900E+00,+7.498E+00,+778E-03
-113.800E+00,+7.538E+00,+738E-03
-113.700E+00,+7.659E+00,+738E-03
-113.600E+00,+7.458E+00,+899E-03
-113.500E+00,+7.659E+00,+939E-03
-113.400E+00,+7.699E+00,+738E-03
-113.300E+00,+7.860E+00,+738E-03
-113.200E+00,+7.940E+00,+939E-03
-113.100E+00,+7.820E+00,+778E-03
-113.000E+00,+7.860E+00,+738E-03
-112.900E+00,+7.820E+00,+738E-03
-112.800E+00,+7.860E+00,+617E-03
-112.700E+00,+7.940E+00,+818E-03
-112.600E+00,+7.860E+00,+778E-03
-112.500E+00,+7.659E+00,+939E-03
-112.400E+00,+7.860E+00,+899E-03
-112.300E+00,+7.940E+00,+738E-03
-112.200E+00,+7.659E+00,+858E-03
-112.100E+00,+7.860E+00,+858E-03
-112.000E+00,+7.659E+00,+537E-03
-111.900E+00,+8.061E+00,+738E-03
-111.800E+00,+7.940E+00,+738E-03
-111.700E+00,+7.940E+00,+818E-03
-111.600E+00,+8.061E+00,+778E-03
-111.500E+00,+8.262E+00,+738E-03
-111.400E+00,+8.061E+00,+778E-03
-111.300E+00,+8.141E+00,+738E-03
-111.200E+00,+8.182E+00,+738E-03
-111.100E+00,+8.222E+00,+899E-03
-111.000E+00,+8.061E+00,+738E-03
-110.900E+00,+8.061E+00,+738E-03
-110.800E+00,+8.262E+00,+858E-03
-110.700E+00,+8.182E+00,+939E-03
-110.600E+00,+8.222E+00,+858E-03
-110.500E+00,+8.262E+00,+738E-03
-110.400E+00,+8.463E+00,+778E-03
-110.300E+00,+8.383E+00,+738E-03
-110.200E+00,+8.302E+00,+738E-03
-110.100E+00,+8.262E+00,+778E-03
-110.000E+00,+8.463E+00,+939E-03
-109.900E+00,+8.423E+00,+778E-03
-109.800E+00,+8.463E+00,+738E-03
-109.700E+00,+8.463E+00,+738E-03
-109.600E+00,+8.423E+00,+738E-03
-109.500E+00,+8.664E+00,+1.140E+00
-109.400E+00,+8.463E+00,+899E-03
-109.300E+00,+8.543E+00,+818E-03
-109.200E+00,+8.543E+00,+858E-03
-109.100E+00,+8.624E+00,+738E-03
-109.000E+00,+8.463E+00,+738E-03
-108.900E+00,+8.503E+00,+738E-03
-108.800E+00,+8.584E+00,+858E-03
-108.700E+00,+8.664E+00,+738E-03
-108.600E+00,+8.624E+00,+778E-03
-108.500E+00,+8.664E+00,+738E-03
-108.400E+00,+8.664E+00,+537E-03
-108.300E+00,+8.664E+00,+738E-03
-108.200E+00,+8.785E+00,+858E-03
-108.100E+00,+8.825E+00,+899E-03
-108.000E+00,+8.664E+00,+939E-03
-107.900E+00,+8.865E+00,+899E-03
-107.800E+00,+8.865E+00,+738E-03
-107.700E+00,+8.744E+00,+858E-03
-107.600E+00,+8.825E+00,+738E-03
-107.500E+00,+8.865E+00,+738E-03
-107.400E+00,+8.865E+00,+899E-03
-107.300E+00,+8.865E+00,+818E-03
-107.200E+00,+8.865E+00,+858E-03
-107.100E+00,+9.026E+00,+778E-03
-107.000E+00,+8.865E+00,+939E-03
-106.900E+00,+9.026E+00,+899E-03
-106.800E+00,+8.986E+00,+939E-03
-106.700E+00,+8.945E+00,+858E-03
-106.600E+00,+9.106E+00,+939E-03
-106.500E+00,+8.865E+00,+738E-03
-106.400E+00,+9.066E+00,+899E-03
-106.300E+00,+9.146E+00,+858E-03
-106.200E+00,+9.187E+00,+939E-03
-106.100E+00,+9.066E+00,+939E-03
-106.000E+00,+9.066E+00,+1.140E+00
-105.900E+00,+9.066E+00,+778E-03
-105.800E+00,+9.066E+00,+818E-03
-105.700E+00,+9.267E+00,+939E-03
-105.600E+00,+9.267E+00,+899E-03
-105.500E+00,+9.267E+00,+738E-03
-105.400E+00,+9.267E+00,+939E-03
-105.300E+00,+9.267E+00,+818E-03
-105.200E+00,+9.267E+00,+818E-03
-105.100E+00,+9.267E+00,+778E-03
-105.000E+00,+9.267E+00,+738E-03
-104.900E+00,+9.307E+00,+939E-03
-104.800E+00,+9.388E+00,+939E-03
-104.700E+00,+9.267E+00,+818E-03
-104.600E+00,+9.508E+00,+979E-03
-104.500E+00,+9.468E+00,+1.140E+00
-104.400E+00,+9.307E+00,+979E-03
-104.300E+00,+9.548E+00,+1.019E+00
-104.200E+00,+9.468E+00,+939E-03
-104.100E+00,+9.629E+00,+939E-03
-104.000E+00,+9.468E+00,+1.140E+00
-103.900E+00,+9.508E+00,+939E-03
-103.800E+00,+9.548E+00,+858E-03
-103.700E+00,+9.468E+00,+939E-03
-103.600E+00,+9.669E+00,+778E-03
-103.500E+00,+9.669E+00,+939E-03
-103.400E+00,+9.629E+00,+1.100E+00
-103.300E+00,+9.870E+00,+1.019E+00
-103.200E+00,+9.548E+00,+1.059E+00
-103.100E+00,+9.830E+00,+899E-03
-103.000E+00,+9.669E+00,+939E-03
-102.900E+00,+9.830E+00,+1.100E+00
-102.800E+00,+9.749E+00,+1.140E+00
-102.700E+00,+9.749E+00,+1.019E+00
-102.600E+00,+9.830E+00,+939E-03
-102.500E+00,+9.870E+00,+1.140E+00
-102.400E+00,+9.870E+00,+1.301E+00
-102.300E+00,+9.950E+00,+939E-03
-102.200E+00,+9.749E+00,+1.059E+00
-102.100E+00,+10.031E+00,+1.100E+00
-102.000E+00,+9.870E+00,+1.140E+00
-101.900E+00,+9.870E+00,+1.100E+00
-101.800E+00,+10.071E+00,+1.059E+00
-101.700E+00,+9.950E+00,+1.059E+00
-101.600E+00,+9.910E+00,+1.140E+00
-101.500E+00,+10.071E+00,+1.140E+00
-101.400E+00,+10.071E+00,+979E-03
-101.300E+00,+10.071E+00,+1.260E+00
-101.200E+00,+10.071E+00,+1.059E+00
-101.100E+00,+10.071E+00,+1.180E+00
-101.000E+00,+10.071E+00,+1.140E+00
-100.900E+00,+10.232E+00,+1.180E+00
-100.800E+00,+10.272E+00,+1.059E+00
-100.700E+00,+10.272E+00,+1.140E+00
-100.600E+00,+10.111E+00,+1.180E+00
-100.500E+00,+10.071E+00,+1.341E+00
-100.400E+00,+10.111E+00,+1.180E+00
-100.300E+00,+10.272E+00,+1.140E+00
-100.200E+00,+10.393E+00,+1.341E+00
-100.100E+00,+10.393E+00,+1.180E+00
-100.000E+00,+10.473E+00,+1.140E+00
-99.900E+00,+10.312E+00,+1.341E+00
-99.800E+00,+10.272E+00,+1.140E+00
-99.700E+00,+10.352E+00,+1.341E+00
-99.600E+00,+10.433E+00,+1.140E+00
-99.500E+00,+10.473E+00,+1.341E+00
-99.400E+00,+10.473E+00,+1.341E+00
-99.300E+00,+10.352E+00,+1.421E+00
-99.200E+00,+10.513E+00,+1.140E+00
-99.100E+00,+10.473E+00,+1.502E+00
-99.000E+00,+10.473E+00,+1.542E+00
-98.900E+00,+10.674E+00,+1.341E+00
-98.800E+00,+10.553E+00,+1.421E+00
-98.700E+00,+10.674E+00,+1.461E+00
-98.600E+00,+10.674E+00,+1.502E+00
-98.500E+00,+10.674E+00,+1.341E+00
-98.400E+00,+10.795E+00,+1.542E+00
-98.300E+00,+10.594E+00,+1.461E+00
-98.200E+00,+10.754E+00,+1.622E+00
-98.100E+00,+10.835E+00,+1.341E+00
-98.000E+00,+10.674E+00,+1.341E+00
-97.900E+00,+10.674E+00,+1.542E+00
-97.800E+00,+10.754E+00,+1.461E+00
-97.700E+00,+10.795E+00,+1.421E+00
-97.600E+00,+10.714E+00,+1.542E+00
-97.500E+00,+10.875E+00,+1.743E+00
-97.400E+00,+10.835E+00,+1.542E+00
-97.300E+00,+10.795E+00,+1.542E+00
-97.200E+00,+10.875E+00,+1.542E+00
-97.100E+00,+10.875E+00,+1.703E+00
-97.000E+00,+10.875E+00,+1.542E+00
-96.900E+00,+10.875E+00,+1.542E+00
-96.800E+00,+10.955E+00,+1.542E+00
-96.700E+00,+10.955E+00,+1.542E+00
-96.600E+00,+11.076E+00,+1.582E+00
-96.500E+00,+10.875E+00,+1.542E+00
-96.400E+00,+10.875E+00,+1.421E+00
-96.300E+00,+11.076E+00,+1.662E+00
-96.200E+00,+10.996E+00,+1.542E+00
-96.100E+00,+11.076E+00,+1.743E+00
-96.000E+00,+11.076E+00,+1.542E+00
-95.900E+00,+11.036E+00,+1.783E+00
-95.800E+00,+10.996E+00,+1.823E+00
-95.700E+00,+11.076E+00,+1.622E+00
-95.600E+00,+11.197E+00,+1.904E+00
-95.500E+00,+11.277E+00,+1.743E+00
-95.400E+00,+11.237E+00,+1.743E+00
-95.300E+00,+11.277E+00,+1.823E+00
-95.200E+00,+11.197E+00,+1.944E+00
-95.100E+00,+11.277E+00,+1.944E+00
-95.000E+00,+11.277E+00,+1.743E+00
-94.900E+00,+11.438E+00,+1.783E+00
-94.800E+00,+11.156E+00,+1.944E+00
-94.700E+00,+11.197E+00,+1.944E+00
-94.600E+00,+11.277E+00,+2.105E+00
-94.500E+00,+11.277E+00,+1.944E+00
-94.400E+00,+11.277E+00,+2.145E+00
-94.300E+00,+11.478E+00,+1.863E+00
-94.200E+00,+11.357E+00,+2.064E+00
-94.100E+00,+11.518E+00,+1.944E+00
-94.000E+00,+11.277E+00,+1.944E+00
-93.900E+00,+11.478E+00,+1.944E+00
-93.800E+00,+11.558E+00,+1.863E+00
-93.700E+00,+11.277E+00,+2.024E+00
-93.600E+00,+11.639E+00,+1.944E+00
-93.500E+00,+11.679E+00,+1.944E+00
-93.400E+00,+11.679E+00,+2.145E+00
-93.300E+00,+11.478E+00,+2.064E+00
-93.200E+00,+11.558E+00,+2.145E+00
-93.100E+00,+11.518E+00,+2.346E+00
-93.000E+00,+11.478E+00,+2.145E+00
-92.900E+00,+11.679E+00,+2.185E+00
-92.800E+00,+11.558E+00,+2.265E+00
-92.700E+00,+11.679E+00,+2.145E+00
-92.600E+00,+11.679E+00,+1.984E+00
-92.500E+00,+11.679E+00,+2.346E+00
-92.400E+00,+11.840E+00,+2.346E+00
-92.300E+00,+11.679E+00,+2.145E+00
-92.200E+00,+11.679E+00,+2.225E+00
-92.100E+00,+11.880E+00,+2.306E+00
-92.000E+00,+11.880E+00,+2.346E+00
-91.900E+00,+11.880E+00,+2.145E+00
-91.800E+00,+11.759E+00,+2.145E+00
-91.700E+00,+11.880E+00,+2.265E+00
-91.600E+00,+11.880E+00,+2.185E+00
-91.500E+00,+11.880E+00,+2.346E+00
-91.400E+00,+11.880E+00,+2.306E+00
-91.300E+00,+11.880E+00,+2.265E+00
-91.200E+00,+11.960E+00,+2.225E+00
-91.100E+00,+12.081E+00,+2.306E+00
-91.000E+00,+12.081E+00,+2.346E+00
-90.900E+00,+11.960E+00,+2.346E+00
-90.800E+00,+12.001E+00,+2.386E+00
-90.700E+00,+12.001E+00,+2.265E+00
-90.600E+00,+12.081E+00,+2.145E+00
-90.500E+00,+12.081E+00,+2.346E+00
-90.400E+00,+11.920E+00,+2.306E+00
-90.300E+00,+12.081E+00,+2.225E+00
-90.200E+00,+12.081E+00,+2.346E+00
-90.100E+00,+12.121E+00,+2.225E+00
-90.000E+00,+12.282E+00,+2.346E+00
-89.900E+00,+12.242E+00,+2.185E+00
-89.800E+00,+12.161E+00,+2.346E+00
-89.700E+00,+12.282E+00,+2.547E+00
-89.600E+00,+12.242E+00,+2.185E+00
-89.500E+00,+12.282E+00,+2.346E+00
-89.400E+00,+12.282E+00,+2.346E+00
-89.300E+00,+12.161E+00,+2.225E+00
-89.200E+00,+12.282E+00,+2.346E+00
-89.100E+00,+12.443E+00,+2.346E+00
-89.000E+00,+12.483E+00,+2.346E+00
-88.900E+00,+12.322E+00,+2.185E+00
-88.800E+00,+12.483E+00,+2.466E+00
-88.700E+00,+12.282E+00,+2.265E+00
-88.600E+00,+12.483E+00,+2.145E+00
-88.500E+00,+12.483E+00,+2.145E+00
-88.400E+00,+12.483E+00,+2.145E+00
-88.300E+00,+12.483E+00,+2.225E+00
-88.200E+00,+12.483E+00,+2.225E+00
-88.100E+00,+12.644E+00,+2.185E+00
-88.000E+00,+12.684E+00,+2.145E+00
-87.900E+00,+12.483E+00,+1.984E+00
-87.800E+00,+12.483E+00,+2.024E+00
-87.700E+00,+12.604E+00,+2.145E+00
-87.600E+00,+12.523E+00,+2.306E+00
-87.500E+00,+12.684E+00,+2.145E+00
-87.400E+00,+12.684E+00,+2.145E+00
-87.300E+00,+12.684E+00,+2.145E+00
-87.200E+00,+12.684E+00,+2.145E+00
-87.100E+00,+12.684E+00,+2.145E+00
-87.000E+00,+12.684E+00,+1.944E+00
-86.900E+00,+12.684E+00,+2.145E+00
-86.800E+00,+12.805E+00,+1.823E+00
-86.700E+00,+12.764E+00,+1.944E+00
-86.600E+00,+12.684E+00,+2.145E+00
-86.500E+00,+12.885E+00,+1.743E+00
-86.400E+00,+12.845E+00,+2.145E+00
-86.300E+00,+12.965E+00,+1.944E+00
-86.200E+00,+12.885E+00,+2.024E+00
-86.100E+00,+12.885E+00,+1.984E+00
-86.000E+00,+12.885E+00,+2.145E+00
-85.900E+00,+12.885E+00,+2.145E+00
-85.800E+00,+12.885E+00,+2.024E+00
-85.700E+00,+13.086E+00,+2.024E+00
-85.600E+00,+13.046E+00,+1.944E+00
-85.500E+00,+13.086E+00,+1.944E+00
-85.400E+00,+13.046E+00,+1.944E+00
-85.300E+00,+12.885E+00,+1.944E+00
-85.200E+00,+13.006E+00,+1.944E+00
-85.100E+00,+13.247E+00,+1.904E+00
-85.000E+00,+13.086E+00,+1.944E+00
-84.900E+00,+13.247E+00,+1.944E+00
-84.800E+00,+13.287E+00,+2.064E+00
-84.700E+00,+13.086E+00,+1.944E+00
-84.600E+00,+13.287E+00,+1.944E+00
-84.500E+00,+13.086E+00,+1.944E+00
-84.400E+00,+13.287E+00,+1.783E+00
-84.300E+00,+13.287E+00,+1.823E+00
-84.200E+00,+13.207E+00,+1.743E+00
-84.100E+00,+13.448E+00,+1.944E+00
-84.000E+00,+13.086E+00,+1.743E+00
-83.900E+00,+13.126E+00,+1.904E+00
-83.800E+00,+13.247E+00,+1.944E+00
-83.700E+00,+13.287E+00,+2.064E+00
-83.600E+00,+13.287E+00,+1.582E+00
-83.500E+00,+13.287E+00,+1.944E+00
-83.400E+00,+13.327E+00,+1.944E+00
-83.300E+00,+13.287E+00,+1.823E+00
-83.200E+00,+13.367E+00,+1.944E+00
-83.100E+00,+13.448E+00,+1.743E+00
-83.000E+00,+13.488E+00,+1.542E+00
-82.900E+00,+13.528E+00,+1.743E+00
-82.800E+00,+13.488E+00,+1.823E+00
-82.700E+00,+13.609E+00,+1.743E+00
-82.600E+00,+13.488E+00,+1.743E+00
-82.500E+00,+13.689E+00,+1.944E+00
-82.400E+00,+13.488E+00,+1.944E+00
-82.300E+00,+13.769E+00,+1.743E+00
-82.200E+00,+13.568E+00,+1.743E+00
-82.100E+00,+13.528E+00,+1.904E+00
-82.000E+00,+13.689E+00,+1.944E+00
-81.900E+00,+13.689E+00,+1.743E+00
-81.800E+00,+13.689E+00,+1.743E+00
-81.700E+00,+13.689E+00,+1.823E+00
-81.600E+00,+13.890E+00,+1.783E+00
-81.500E+00,+13.689E+00,+1.743E+00
-81.400E+00,+13.689E+00,+1.743E+00
-81.300E+00,+13.689E+00,+1.743E+00
-81.200E+00,+14.011E+00,+1.823E+00
-81.100E+00,+13.890E+00,+1.904E+00
-81.000E+00,+13.689E+00,+2.145E+00
-80.900E+00,+13.729E+00,+1.582E+00
-80.800E+00,+13.890E+00,+1.743E+00
-80.700E+00,+13.890E+00,+1.703E+00
-80.600E+00,+14.051E+00,+1.743E+00
-80.500E+00,+13.890E+00,+1.944E+00
-80.400E+00,+13.890E+00,+1.904E+00
-80.300E+00,+14.091E+00,+1.944E+00
-80.200E+00,+14.011E+00,+1.823E+00
-80.100E+00,+13.850E+00,+1.944E+00
-80.000E+00,+13.890E+00,+1.743E+00
-79.900E+00,+14.252E+00,+1.743E+00
-79.800E+00,+14.011E+00,+1.743E+00
-79.700E+00,+13.970E+00,+1.863E+00
-79.600E+00,+14.292E+00,+1.944E+00
-79.500E+00,+14.091E+00,+1.743E+00
-79.400E+00,+14.091E+00,+1.944E+00
-79.300E+00,+14.091E+00,+1.823E+00
-79.200E+00,+14.171E+00,+1.823E+00
-79.100E+00,+14.292E+00,+1.703E+00
-79.000E+00,+14.292E+00,+1.944E+00
-78.900E+00,+14.292E+00,+1.783E+00
-78.800E+00,+14.292E+00,+1.743E+00
-78.700E+00,+14.212E+00,+1.944E+00
-78.600E+00,+14.292E+00,+1.944E+00
-78.500E+00,+14.292E+00,+1.944E+00
-78.400E+00,+14.332E+00,+1.944E+00
-78.300E+00,+14.493E+00,+1.863E+00
-78.200E+00,+14.372E+00,+1.944E+00
-78.100E+00,+14.533E+00,+1.944E+00
-78.000E+00,+14.493E+00,+1.944E+00
-77.900E+00,+14.493E+00,+1.783E+00
-77.800E+00,+14.372E+00,+2.064E+00
-77.700E+00,+14.372E+00,+1.944E+00
-77.600E+00,+14.372E+00,+2.105E+00
-77.500E+00,+14.493E+00,+1.944E+00
-77.400E+00,+14.493E+00,+1.944E+00
-77.300E+00,+14.493E+00,+2.024E+00
-77.200E+00,+14.614E+00,+2.064E+00
-77.100E+00,+14.654E+00,+2.145E+00
-77.000E+00,+14.493E+00,+1.944E+00
-76.900E+00,+14.493E+00,+2.145E+00
-76.800E+00,+14.694E+00,+1.944E+00
-76.700E+00,+14.614E+00,+2.024E+00
-76.600E+00,+14.694E+00,+2.145E+00
-76.500E+00,+14.694E+00,+2.145E+00
-76.400E+00,+14.694E+00,+1.984E+00
-76.300E+00,+14.694E+00,+2.064E+00
-76.200E+00,+14.815E+00,+2.265E+00
-76.100E+00,+14.855E+00,+1.984E+00
-76.000E+00,+14.694E+00,+1.944E+00
-75.900E+00,+14.734E+00,+2.145E+00
-75.800E+00,+14.895E+00,+2.265E+00
-75.700E+00,+14.815E+00,+2.145E+00
-75.600E+00,+14.694E+00,+2.306E+00
-75.500E+00,+14.895E+00,+2.145E+00
-75.400E+00,+14.895E+00,+2.145E+00
-75.300E+00,+14.815E+00,+2.145E+00
-75.200E+00,+14.815E+00,+2.346E+00
-75.100E+00,+14.895E+00,+2.185E+00
-75.000E+00,+14.895E+00,+2.145E+00
-74.900E+00,+15.056E+00,+2.306E+00
-74.800E+00,+15.096E+00,+2.386E+00
-74.700E+00,+14.976E+00,+2.426E+00
-74.600E+00,+15.056E+00,+2.306E+00
-74.500E+00,+15.096E+00,+2.346E+00
-74.400E+00,+15.056E+00,+2.346E+00
-74.300E+00,+15.217E+00,+2.346E+00
-74.200E+00,+14.976E+00,+2.346E+00
-74.100E+00,+15.096E+00,+2.466E+00
-74.000E+00,+15.297E+00,+2.346E+00
-73.900E+00,+15.297E+00,+2.386E+00
-73.800E+00,+15.217E+00,+2.346E+00
-73.700E+00,+15.096E+00,+2.547E+00
-73.600E+00,+15.096E+00,+2.547E+00
-73.500E+00,+15.297E+00,+2.547E+00
-73.400E+00,+15.297E+00,+2.426E+00
-73.300E+00,+15.177E+00,+2.547E+00
-73.200E+00,+15.297E+00,+2.667E+00
-73.100E+00,+15.257E+00,+2.547E+00
-73.000E+00,+15.297E+00,+2.547E+00
-72.900E+00,+15.297E+00,+2.748E+00
-72.800E+00,+15.297E+00,+2.547E+00
-72.700E+00,+15.378E+00,+2.788E+00
-72.600E+00,+15.177E+00,+2.587E+00
-72.500E+00,+15.297E+00,+2.748E+00
-72.400E+00,+15.498E+00,+2.547E+00
-72.300E+00,+15.378E+00,+2.627E+00
-72.200E+00,+15.498E+00,+2.748E+00
-72.100E+00,+15.498E+00,+2.748E+00
-72.000E+00,+15.498E+00,+2.748E+00
-71.900E+00,+15.498E+00,+2.627E+00
-71.800E+00,+15.579E+00,+2.868E+00
-71.700E+00,+15.579E+00,+2.949E+00
-71.600E+00,+15.659E+00,+2.909E+00
-71.500E+00,+15.498E+00,+2.949E+00
-71.400E+00,+15.699E+00,+2.748E+00
-71.300E+00,+15.699E+00,+3.069E+00
-71.200E+00,+15.699E+00,+2.949E+00
-71.100E+00,+15.699E+00,+2.949E+00
-71.000E+00,+15.699E+00,+2.949E+00
-70.900E+00,+15.739E+00,+2.949E+00
-70.800E+00,+15.619E+00,+3.029E+00
-70.700E+00,+15.699E+00,+3.029E+00
-70.600E+00,+15.860E+00,+3.110E+00
-70.500E+00,+15.699E+00,+2.949E+00
-70.400E+00,+15.739E+00,+3.110E+00
-70.300E+00,+15.820E+00,+3.029E+00
-70.200E+00,+15.900E+00,+3.150E+00
-70.100E+00,+15.900E+00,+3.150E+00
-70.000E+00,+15.900E+00,+3.150E+00
-69.900E+00,+15.900E+00,+3.270E+00
-69.800E+00,+15.900E+00,+3.351E+00
-69.700E+00,+15.981E+00,+3.230E+00
-69.600E+00,+15.860E+00,+3.190E+00
-69.500E+00,+15.900E+00,+3.150E+00
-69.400E+00,+15.940E+00,+3.391E+00
-69.300E+00,+16.021E+00,+3.351E+00
-69.200E+00,+15.900E+00,+3.230E+00
-69.100E+00,+15.940E+00,+3.431E+00
-69.000E+00,+16.101E+00,+3.552E+00
-68.900E+00,+16.061E+00,+3.552E+00
-68.800E+00,+16.021E+00,+3.471E+00
-68.700E+00,+16.101E+00,+3.512E+00
-68.600E+00,+16.061E+00,+3.351E+00
-68.500E+00,+16.101E+00,+3.552E+00
-68.400E+00,+16.101E+00,+3.552E+00
-68.300E+00,+16.302E+00,+3.552E+00
-68.200E+00,+16.101E+00,+3.552E+00
-68.100E+00,+16.262E+00,+3.713E+00
-68.000E+00,+16.101E+00,+3.552E+00
-67.900E+00,+16.141E+00,+3.914E+00
-67.800E+00,+16.222E+00,+3.753E+00
-67.700E+00,+16.302E+00,+3.632E+00
-67.600E+00,+16.302E+00,+3.793E+00
-67.500E+00,+16.503E+00,+3.753E+00
-67.400E+00,+16.342E+00,+3.753E+00
-67.300E+00,+16.101E+00,+3.833E+00
-67.200E+00,+16.503E+00,+3.873E+00
-67.100E+00,+16.342E+00,+3.954E+00
-67.000E+00,+16.302E+00,+3.753E+00
-66.900E+00,+16.182E+00,+3.994E+00
-66.800E+00,+16.503E+00,+3.793E+00
-66.700E+00,+16.503E+00,+3.833E+00
-66.600E+00,+16.463E+00,+4.316E+00
-66.500E+00,+16.503E+00,+4.155E+00
-66.400E+00,+16.342E+00,+4.115E+00
-66.300E+00,+16.503E+00,+4.074E+00
-66.200E+00,+16.383E+00,+4.155E+00
-66.100E+00,+16.503E+00,+4.155E+00
-66.000E+00,+16.503E+00,+3.954E+00
-65.900E+00,+16.704E+00,+4.155E+00
-65.800E+00,+16.503E+00,+4.356E+00
-65.700E+00,+16.503E+00,+4.034E+00
-65.600E+00,+16.383E+00,+3.994E+00
-65.500E+00,+16.704E+00,+4.155E+00
-65.400E+00,+16.543E+00,+4.195E+00
-65.300E+00,+16.584E+00,+4.275E+00
-65.200E+00,+16.704E+00,+4.235E+00
-65.100E+00,+16.543E+00,+4.316E+00
-65.000E+00,+16.905E+00,+4.356E+00
-64.900E+00,+16.704E+00,+4.316E+00
-64.800E+00,+16.825E+00,+4.275E+00
-64.700E+00,+16.825E+00,+4.275E+00
-64.600E+00,+16.905E+00,+4.517E+00
-64.500E+00,+16.905E+00,+4.356E+00
-64.400E+00,+16.905E+00,+4.235E+00
-64.300E+00,+16.785E+00,+4.275E+00
-64.200E+00,+17.106E+00,+4.356E+00
-64.100E+00,+16.865E+00,+4.356E+00
-64.000E+00,+16.905E+00,+4.356E+00
-63.900E+00,+16.945E+00,+4.356E+00
-63.800E+00,+16.986E+00,+4.476E+00
-63.700E+00,+17.106E+00,+4.356E+00
-63.600E+00,+16.785E+00,+4.356E+00
-63.500E+00,+17.106E+00,+4.356E+00
-63.400E+00,+16.945E+00,+4.316E+00
-63.300E+00,+17.106E+00,+4.436E+00
-63.200E+00,+17.106E+00,+4.235E+00
-63.100E+00,+17.106E+00,+4.195E+00
-63.000E+00,+17.307E+00,+4.557E+00
-62.900E+00,+16.945E+00,+4.356E+00
-62.800E+00,+17.307E+00,+4.476E+00
-62.700E+00,+17.187E+00,+4.275E+00
-62.600E+00,+17.106E+00,+4.356E+00
-62.500E+00,+17.307E+00,+4.356E+00
-62.400E+00,+17.267E+00,+4.356E+00
-62.300E+00,+17.187E+00,+4.275E+00
-62.200E+00,+17.307E+00,+4.356E+00
-62.100E+00,+17.468E+00,+4.356E+00
-62.000E+00,+17.307E+00,+4.356E+00
-61.900E+00,+17.307E+00,+4.316E+00
-61.800E+00,+17.428E+00,+4.356E+00
-61.700E+00,+17.227E+00,+4.155E+00
-61.600E+00,+17.347E+00,+4.356E+00
-61.500E+00,+17.508E+00,+4.155E+00
-61.400E+00,+17.307E+00,+4.195E+00
-61.300E+00,+17.428E+00,+4.235E+00
-61.200E+00,+17.428E+00,+4.356E+00
-61.100E+00,+17.468E+00,+4.316E+00
-61.000E+00,+17.508E+00,+4.155E+00
-60.900E+00,+17.508E+00,+4.195E+00
-60.800E+00,+17.508E+00,+4.074E+00
-60.700E+00,+17.508E+00,+3.954E+00
-60.600E+00,+17.548E+00,+4.155E+00
-60.500E+00,+17.709E+00,+3.954E+00
-60.400E+00,+17.669E+00,+3.994E+00
-60.300E+00,+17.629E+00,+4.155E+00
-60.200E+00,+17.508E+00,+4.155E+00
-60.100E+00,+17.669E+00,+4.155E+00
-60.000E+00,+17.709E+00,+4.155E+00
-59.900E+00,+17.709E+00,+4.115E+00
-59.800E+00,+17.508E+00,+3.954E+00
-59.700E+00,+17.589E+00,+4.034E+00
-59.600E+00,+17.749E+00,+3.994E+00
-59.500E+00,+17.709E+00,+3.954E+00
-59.400E+00,+17.709E+00,+4.115E+00
-59.300E+00,+17.709E+00,+4.074E+00
-59.200E+00,+17.790E+00,+3.954E+00
-59.100E+00,+18.071E+00,+3.793E+00
-59.000E+00,+17.709E+00,+4.155E+00
-58.900E+00,+17.749E+00,+4.115E+00
-58.800E+00,+17.790E+00,+3.833E+00
-58.700E+00,+17.910E+00,+3.873E+00
-58.600E+00,+17.709E+00,+3.753E+00
-58.500E+00,+17.910E+00,+3.954E+00
-58.400E+00,+18.071E+00,+3.914E+00
-58.300E+00,+17.910E+00,+3.833E+00
-58.200E+00,+18.111E+00,+3.873E+00
-58.100E+00,+18.111E+00,+3.793E+00
-58.000E+00,+17.910E+00,+3.954E+00
-57.900E+00,+18.071E+00,+3.793E+00
-57.800E+00,+17.950E+00,+3.632E+00
-57.700E+00,+18.111E+00,+3.753E+00
-57.600E+00,+18.111E+00,+3.753E+00
-57.500E+00,+18.312E+00,+3.753E+00
-57.400E+00,+18.071E+00,+3.753E+00
-57.300E+00,+17.991E+00,+3.632E+00
-57.200E+00,+18.111E+00,+3.672E+00
-57.100E+00,+18.111E+00,+3.753E+00
-57.000E+00,+17.910E+00,+3.753E+00
-56.900E+00,+18.151E+00,+3.713E+00
-56.800E+00,+18.192E+00,+3.471E+00
-56.700E+00,+18.352E+00,+3.552E+00
-56.600E+00,+18.312E+00,+3.552E+00
-56.500E+00,+18.111E+00,+3.552E+00
-56.400E+00,+18.272E+00,+3.552E+00
-56.300E+00,+18.232E+00,+3.552E+00
-56.200E+00,+18.192E+00,+3.552E+00
-56.100E+00,+18.312E+00,+3.391E+00
-56.000E+00,+18.312E+00,+3.351E+00
-55.900E+00,+18.352E+00,+3.351E+00
-55.800E+00,+18.393E+00,+3.351E+00
-55.700E+00,+18.393E+00,+3.351E+00
-55.600E+00,+18.352E+00,+3.351E+00
-55.500E+00,+18.513E+00,+3.351E+00
-55.400E+00,+18.513E+00,+3.351E+00
-55.300E+00,+18.312E+00,+3.311E+00
-55.200E+00,+18.513E+00,+3.270E+00
-55.100E+00,+18.473E+00,+3.351E+00
-55.000E+00,+18.513E+00,+3.351E+00
-54.900E+00,+18.513E+00,+3.190E+00
-54.800E+00,+18.513E+00,+3.351E+00
-54.700E+00,+18.634E+00,+3.351E+00
-54.600E+00,+18.674E+00,+3.150E+00
-54.500E+00,+18.714E+00,+3.351E+00
-54.400E+00,+18.714E+00,+3.190E+00
-54.300E+00,+18.714E+00,+3.351E+00
-54.200E+00,+18.714E+00,+3.150E+00
-54.100E+00,+18.714E+00,+3.190E+00
-54.000E+00,+18.513E+00,+3.351E+00
-53.900E+00,+18.714E+00,+3.190E+00
-53.800E+00,+18.714E+00,+3.150E+00
-53.700E+00,+18.795E+00,+3.150E+00
-53.600E+00,+18.754E+00,+3.311E+00
-53.500E+00,+18.915E+00,+3.150E+00
-53.400E+00,+18.795E+00,+3.190E+00
-53.300E+00,+18.714E+00,+3.150E+00
-53.200E+00,+18.634E+00,+3.270E+00
-53.100E+00,+18.714E+00,+3.150E+00
-53.000E+00,+18.915E+00,+3.150E+00
-52.900E+00,+18.915E+00,+3.150E+00
-52.800E+00,+18.915E+00,+3.351E+00
-52.700E+00,+18.795E+00,+3.270E+00
-52.600E+00,+18.915E+00,+3.150E+00
-52.500E+00,+19.116E+00,+3.150E+00
-52.400E+00,+19.076E+00,+3.311E+00
-52.300E+00,+18.915E+00,+3.150E+00
-52.200E+00,+18.996E+00,+3.230E+00
-52.100E+00,+19.116E+00,+3.110E+00
-52.000E+00,+18.915E+00,+3.150E+00
-51.900E+00,+19.277E+00,+3.230E+00
-51.800E+00,+19.116E+00,+3.230E+00
-51.700E+00,+19.237E+00,+3.150E+00
-51.600E+00,+19.116E+00,+3.150E+00
-51.500E+00,+19.116E+00,+3.150E+00
-51.400E+00,+19.116E+00,+3.150E+00
-51.300E+00,+19.116E+00,+3.150E+00
-51.200E+00,+19.116E+00,+3.230E+00
-51.100E+00,+19.116E+00,+3.351E+00
-51.000E+00,+19.518E+00,+3.150E+00
-50.900E+00,+19.116E+00,+3.351E+00
-50.800E+00,+19.237E+00,+3.150E+00
-50.700E+00,+19.317E+00,+3.230E+00
-50.600E+00,+19.478E+00,+3.311E+00
-50.500E+00,+19.116E+00,+3.150E+00
-50.400E+00,+19.317E+00,+3.351E+00
-50.300E+00,+19.317E+00,+3.230E+00
-50.200E+00,+19.317E+00,+3.150E+00
-50.100E+00,+19.438E+00,+3.391E+00
-50.000E+00,+19.317E+00,+3.150E+00
-49.900E+00,+19.317E+00,+3.311E+00
-49.800E+00,+19.438E+00,+3.471E+00
-49.700E+00,+19.317E+00,+3.351E+00
-49.600E+00,+19.478E+00,+3.351E+00
-49.500E+00,+19.317E+00,+3.351E+00
-49.400E+00,+19.558E+00,+3.351E+00
-49.300E+00,+19.438E+00,+3.351E+00
-49.200E+00,+19.599E+00,+3.431E+00
-49.100E+00,+19.518E+00,+3.351E+00
-49.000E+00,+19.719E+00,+3.552E+00
-48.900E+00,+19.719E+00,+3.351E+00
-48.800E+00,+19.518E+00,+3.431E+00
-48.700E+00,+19.719E+00,+3.552E+00
-48.600E+00,+19.558E+00,+3.512E+00
-48.500E+00,+19.719E+00,+3.351E+00
-48.400E+00,+19.679E+00,+3.552E+00
-48.300E+00,+19.719E+00,+3.552E+00
-48.200E+00,+19.719E+00,+3.431E+00
-48.100E+00,+19.719E+00,+3.552E+00
-48.000E+00,+19.920E+00,+3.753E+00
-47.900E+00,+19.719E+00,+3.592E+00
-47.800E+00,+19.719E+00,+3.552E+00
-47.700E+00,+19.719E+00,+3.632E+00
-47.600E+00,+19.880E+00,+3.753E+00
-47.500E+00,+19.920E+00,+3.753E+00
-47.400E+00,+19.880E+00,+3.552E+00
-47.300E+00,+19.800E+00,+3.753E+00
-47.200E+00,+19.840E+00,+3.833E+00
-47.100E+00,+19.920E+00,+3.753E+00
-47.000E+00,+19.920E+00,+3.753E+00
-46.900E+00,+19.800E+00,+3.793E+00
-46.800E+00,+19.920E+00,+3.753E+00
-46.700E+00,+19.840E+00,+3.753E+00
-46.600E+00,+19.920E+00,+3.793E+00
-46.500E+00,+20.121E+00,+3.954E+00
-46.400E+00,+20.081E+00,+3.753E+00
-46.300E+00,+19.920E+00,+3.873E+00
-46.200E+00,+20.121E+00,+3.873E+00
-46.100E+00,+20.121E+00,+3.914E+00
-46.000E+00,+20.121E+00,+3.954E+00
-45.900E+00,+19.920E+00,+3.954E+00
-45.800E+00,+20.121E+00,+3.954E+00
-45.700E+00,+20.121E+00,+3.954E+00
-45.600E+00,+20.161E+00,+3.954E+00
-45.500E+00,+20.121E+00,+3.954E+00
-45.400E+00,+20.121E+00,+3.954E+00
-45.300E+00,+20.121E+00,+4.074E+00
-45.200E+00,+20.242E+00,+4.074E+00
-45.100E+00,+20.282E+00,+4.155E+00
-45.000E+00,+20.322E+00,+4.356E+00
-44.900E+00,+19.960E+00,+3.954E+00
-44.800E+00,+20.202E+00,+4.074E+00
-44.700E+00,+20.202E+00,+4.155E+00
-44.600E+00,+20.282E+00,+4.356E+00
-44.500E+00,+20.322E+00,+4.356E+00
-44.400E+00,+20.322E+00,+4.356E+00
-44.300E+00,+20.322E+00,+4.356E+00
-44.200E+00,+20.403E+00,+4.356E+00
-44.100E+00,+20.362E+00,+4.356E+00
-44.000E+00,+20.322E+00,+4.356E+00
-43.900E+00,+20.362E+00,+4.356E+00
-43.800E+00,+20.523E+00,+4.436E+00
-43.700E+00,+20.523E+00,+4.356E+00
-43.600E+00,+20.483E+00,+4.517E+00
-43.500E+00,+20.322E+00,+4.557E+00
-43.400E+00,+20.362E+00,+4.517E+00
-43.300E+00,+20.604E+00,+4.637E+00
-43.200E+00,+20.403E+00,+4.557E+00
-43.100E+00,+20.684E+00,+4.557E+00
-43.000E+00,+20.523E+00,+4.557E+00
-42.900E+00,+20.724E+00,+4.758E+00
-42.800E+00,+20.644E+00,+4.677E+00
-42.700E+00,+20.604E+00,+4.557E+00
-42.600E+00,+20.724E+00,+4.597E+00
-42.500E+00,+20.724E+00,+4.959E+00
-42.400E+00,+20.523E+00,+4.758E+00
-42.300E+00,+20.724E+00,+4.959E+00
-42.200E+00,+20.604E+00,+4.959E+00
-42.100E+00,+20.523E+00,+4.919E+00
-42.000E+00,+20.724E+00,+4.959E+00
-41.900E+00,+20.724E+00,+4.999E+00
-41.800E+00,+20.925E+00,+5.039E+00
-41.700E+00,+20.805E+00,+4.959E+00
-41.600E+00,+20.925E+00,+4.959E+00
-41.500E+00,+20.925E+00,+4.959E+00
-41.400E+00,+20.925E+00,+5.120E+00
-41.300E+00,+20.845E+00,+5.160E+00
-41.200E+00,+20.805E+00,+5.160E+00
-41.100E+00,+20.925E+00,+5.321E+00
-41.000E+00,+20.724E+00,+5.160E+00
-40.900E+00,+20.885E+00,+5.160E+00
-40.800E+00,+20.764E+00,+5.240E+00
-40.700E+00,+20.845E+00,+5.280E+00
-40.600E+00,+20.925E+00,+5.361E+00
-40.500E+00,+21.126E+00,+5.361E+00
-40.400E+00,+20.965E+00,+5.361E+00
-40.300E+00,+21.006E+00,+5.441E+00
-40.200E+00,+21.126E+00,+5.441E+00
-40.100E+00,+21.126E+00,+5.361E+00
-40.000E+00,+20.925E+00,+5.763E+00
-39.900E+00,+21.126E+00,+5.562E+00
-39.800E+00,+21.046E+00,+5.562E+00
-39.700E+00,+21.126E+00,+5.562E+00
-39.600E+00,+21.126E+00,+5.562E+00
-39.500E+00,+21.126E+00,+5.562E+00
-39.400E+00,+21.166E+00,+5.441E+00
-39.300E+00,+21.327E+00,+5.763E+00
-39.200E+00,+21.126E+00,+5.562E+00
-39.100E+00,+21.166E+00,+5.723E+00
-39.000E+00,+21.327E+00,+5.763E+00
-38.900E+00,+21.126E+00,+5.924E+00
-38.800E+00,+21.327E+00,+5.763E+00
-38.700E+00,+21.408E+00,+5.763E+00
-38.600E+00,+21.126E+00,+5.924E+00
-38.500E+00,+21.327E+00,+5.964E+00
-38.400E+00,+21.327E+00,+5.803E+00
-38.300E+00,+21.207E+00,+6.084E+00
-38.200E+00,+21.327E+00,+5.964E+00
-38.100E+00,+21.488E+00,+5.964E+00
-38.000E+00,+21.327E+00,+5.964E+00
-37.900E+00,+21.327E+00,+6.125E+00
-37.800E+00,+21.327E+00,+6.084E+00
-37.700E+00,+21.408E+00,+6.165E+00
-37.600E+00,+21.528E+00,+6.004E+00
-37.500E+00,+21.729E+00,+6.165E+00
-37.400E+00,+21.528E+00,+6.165E+00
-37.300E+00,+21.528E+00,+6.165E+00
-37.200E+00,+21.528E+00,+6.286E+00
-37.100E+00,+21.528E+00,+6.205E+00
-37.000E+00,+21.528E+00,+6.165E+00
-36.900E+00,+21.568E+00,+6.366E+00
-36.800E+00,+21.609E+00,+6.446E+00
-36.700E+00,+21.649E+00,+6.366E+00
-36.600E+00,+21.609E+00,+6.366E+00
-36.500E+00,+21.528E+00,+6.366E+00
-36.400E+00,+21.689E+00,+6.527E+00
-36.300E+00,+21.729E+00,+6.366E+00
-36.200E+00,+21.729E+00,+6.487E+00
-36.100E+00,+21.528E+00,+6.406E+00
-36.000E+00,+21.729E+00,+6.165E+00
-35.900E+00,+21.528E+00,+6.567E+00
-35.800E+00,+21.729E+00,+6.487E+00
-35.700E+00,+21.810E+00,+6.446E+00
-35.600E+00,+21.769E+00,+6.366E+00
-35.500E+00,+21.729E+00,+6.567E+00
-35.400E+00,+21.890E+00,+6.527E+00
-35.300E+00,+21.729E+00,+6.446E+00
-35.200E+00,+21.930E+00,+6.567E+00
-35.100E+00,+21.769E+00,+6.527E+00
-35.000E+00,+21.729E+00,+6.567E+00
-34.900E+00,+21.810E+00,+6.567E+00
-34.800E+00,+21.930E+00,+6.688E+00
-34.700E+00,+21.930E+00,+6.446E+00
-34.600E+00,+21.729E+00,+6.567E+00
-34.500E+00,+21.930E+00,+6.567E+00
-34.400E+00,+21.930E+00,+6.567E+00
-34.300E+00,+21.930E+00,+6.487E+00
-34.200E+00,+21.810E+00,+6.647E+00
-34.100E+00,+22.091E+00,+6.728E+00
-34.000E+00,+21.930E+00,+6.567E+00
-33.900E+00,+22.091E+00,+6.607E+00
-33.800E+00,+21.930E+00,+6.647E+00
-33.700E+00,+22.131E+00,+6.688E+00
-33.600E+00,+22.131E+00,+6.567E+00
-33.500E+00,+22.131E+00,+6.567E+00
-33.400E+00,+22.131E+00,+6.728E+00
-33.300E+00,+22.131E+00,+6.688E+00
-33.200E+00,+22.131E+00,+6.487E+00
-33.100E+00,+22.292E+00,+6.567E+00
-33.000E+00,+22.131E+00,+6.567E+00
-32.900E+00,+22.131E+00,+6.567E+00
-32.800E+00,+22.332E+00,+6.527E+00
-32.700E+00,+22.332E+00,+6.487E+00
-32.600E+00,+22.332E+00,+6.567E+00
-32.500E+00,+22.131E+00,+6.567E+00
-32.400E+00,+22.332E+00,+6.567E+00
-32.300E+00,+22.413E+00,+6.607E+00
-32.200E+00,+22.332E+00,+6.567E+00
-32.100E+00,+22.292E+00,+6.406E+00
-32.000E+00,+22.332E+00,+6.567E+00
-31.900E+00,+22.332E+00,+6.406E+00
-31.800E+00,+22.453E+00,+6.567E+00
-31.700E+00,+22.453E+00,+6.487E+00
-31.600E+00,+22.372E+00,+6.366E+00
-31.500E+00,+22.533E+00,+6.567E+00
-31.400E+00,+22.533E+00,+6.406E+00
-31.300E+00,+22.413E+00,+6.446E+00
-31.200E+00,+22.413E+00,+6.567E+00
-31.100E+00,+22.372E+00,+6.406E+00
-31.000E+00,+22.533E+00,+6.366E+00
-30.900E+00,+22.533E+00,+6.567E+00
-30.800E+00,+22.413E+00,+6.366E+00
-30.700E+00,+22.533E+00,+6.487E+00
-30.600E+00,+22.533E+00,+6.688E+00
-30.500E+00,+22.533E+00,+6.567E+00
-30.400E+00,+22.734E+00,+6.406E+00
-30.300E+00,+22.654E+00,+6.245E+00
-30.200E+00,+22.654E+00,+6.366E+00
-30.100E+00,+22.734E+00,+6.527E+00
-30.000E+00,+22.734E+00,+6.366E+00
-29.900E+00,+22.734E+00,+6.366E+00
-29.800E+00,+22.734E+00,+6.286E+00
-29.700E+00,+22.654E+00,+6.366E+00
-29.600E+00,+22.734E+00,+6.205E+00
-29.500E+00,+22.734E+00,+6.366E+00
-29.400E+00,+22.935E+00,+6.205E+00
-29.300E+00,+22.734E+00,+6.245E+00
-29.200E+00,+22.734E+00,+6.286E+00
-29.100E+00,+22.734E+00,+6.004E+00
-29.000E+00,+22.533E+00,+6.165E+00
-28.900E+00,+22.935E+00,+6.004E+00
-28.800E+00,+22.734E+00,+6.084E+00
-28.700E+00,+22.855E+00,+6.286E+00
-28.600E+00,+22.774E+00,+6.165E+00
-28.500E+00,+22.734E+00,+6.165E+00
-28.400E+00,+22.774E+00,+5.964E+00
-28.300E+00,+23.056E+00,+6.044E+00
-28.200E+00,+22.815E+00,+5.964E+00
-28.100E+00,+22.976E+00,+5.924E+00
-28.000E+00,+23.136E+00,+5.964E+00
-27.900E+00,+22.935E+00,+5.964E+00
-27.800E+00,+23.136E+00,+5.763E+00
-27.700E+00,+23.056E+00,+5.883E+00
-27.600E+00,+23.136E+00,+5.763E+00
-27.500E+00,+23.337E+00,+5.964E+00
-27.400E+00,+22.976E+00,+5.803E+00
-27.300E+00,+23.337E+00,+5.763E+00
-27.200E+00,+23.056E+00,+5.883E+00
-27.100E+00,+23.096E+00,+5.602E+00
-27.000E+00,+23.136E+00,+5.562E+00
-26.900E+00,+23.177E+00,+5.562E+00
-26.800E+00,+23.096E+00,+5.562E+00
-26.700E+00,+23.136E+00,+5.642E+00
-26.600E+00,+23.177E+00,+5.361E+00
-26.500E+00,+23.337E+00,+5.361E+00
-26.400E+00,+23.136E+00,+5.361E+00
-26.300E+00,+23.217E+00,+5.481E+00
-26.200E+00,+23.418E+00,+5.481E+00
-26.100E+00,+23.337E+00,+5.321E+00
-26.000E+00,+23.337E+00,+5.361E+00
-25.900E+00,+23.337E+00,+5.321E+00
-25.800E+00,+23.337E+00,+5.280E+00
-25.700E+00,+23.619E+00,+5.280E+00
-25.600E+00,+23.337E+00,+5.200E+00
-25.500E+00,+23.538E+00,+5.160E+00
-25.400E+00,+23.337E+00,+5.160E+00
-25.300E+00,+23.337E+00,+5.160E+00
-25.200E+00,+23.498E+00,+5.361E+00
-25.100E+00,+23.498E+00,+5.160E+00
-25.000E+00,+23.538E+00,+5.160E+00
-24.900E+00,+23.378E+00,+4.999E+00
-24.800E+00,+23.659E+00,+5.160E+00
-24.700E+00,+23.538E+00,+5.079E+00
-24.600E+00,+23.538E+00,+5.120E+00
-24.500E+00,+23.739E+00,+4.959E+00
-24.400E+00,+23.619E+00,+5.120E+00
-24.300E+00,+23.579E+00,+4.838E+00
-24.200E+00,+23.538E+00,+4.999E+00
-24.100E+00,+23.699E+00,+4.959E+00
-24.000E+00,+23.739E+00,+4.959E+00
-23.900E+00,+23.739E+00,+4.798E+00
-23.800E+00,+23.659E+00,+5.039E+00
-23.700E+00,+23.739E+00,+4.878E+00
-23.600E+00,+23.699E+00,+4.798E+00
-23.500E+00,+23.739E+00,+4.758E+00
-23.400E+00,+23.900E+00,+4.919E+00
-23.300E+00,+23.820E+00,+4.999E+00
-23.200E+00,+23.619E+00,+4.758E+00
-23.100E+00,+23.900E+00,+4.758E+00
-23.000E+00,+23.940E+00,+4.959E+00
-22.900E+00,+23.739E+00,+4.758E+00
-22.800E+00,+23.860E+00,+4.758E+00
-22.700E+00,+23.739E+00,+4.758E+00
-22.600E+00,+23.699E+00,+4.758E+00
-22.500E+00,+23.739E+00,+4.758E+00
-22.400E+00,+23.900E+00,+4.758E+00
-22.300E+00,+23.940E+00,+4.557E+00
-22.200E+00,+24.061E+00,+4.677E+00
-22.100E+00,+24.101E+00,+4.557E+00
-22.000E+00,+23.739E+00,+4.758E+00
-21.900E+00,+23.820E+00,+4.758E+00
-21.800E+00,+23.940E+00,+4.838E+00
-21.700E+00,+23.940E+00,+4.758E+00
-21.600E+00,+23.981E+00,+4.758E+00
-21.500E+00,+23.940E+00,+4.557E+00
-21.400E+00,+23.820E+00,+4.557E+00
-21.300E+00,+24.141E+00,+4.557E+00
-21.200E+00,+24.021E+00,+4.758E+00
-21.100E+00,+24.101E+00,+4.758E+00
-21.000E+00,+24.342E+00,+4.758E+00
-20.900E+00,+24.182E+00,+4.758E+00
-20.800E+00,+24.141E+00,+4.677E+00
-20.700E+00,+24.061E+00,+4.557E+00
-20.600E+00,+24.302E+00,+4.718E+00
-20.500E+00,+23.940E+00,+4.557E+00
-20.400E+00,+24.101E+00,+4.878E+00
-20.300E+00,+24.342E+00,+4.677E+00
-20.200E+00,+24.141E+00,+4.878E+00
-20.100E+00,+24.342E+00,+4.557E+00
-20.000E+00,+24.141E+00,+4.758E+00
-19.900E+00,+24.342E+00,+4.597E+00
-19.800E+00,+24.342E+00,+4.758E+00
-19.700E+00,+24.262E+00,+4.758E+00
-19.600E+00,+24.342E+00,+4.758E+00
-19.500E+00,+24.141E+00,+4.557E+00
-19.400E+00,+24.342E+00,+4.758E+00
-19.300E+00,+24.423E+00,+4.758E+00
-19.200E+00,+24.342E+00,+4.758E+00
-19.100E+00,+24.342E+00,+4.798E+00
-19.000E+00,+24.543E+00,+4.758E+00
-18.900E+00,+24.503E+00,+4.798E+00
-18.800E+00,+24.463E+00,+4.878E+00
-18.700E+00,+24.543E+00,+4.758E+00
-18.600E+00,+24.503E+00,+4.758E+00
-18.500E+00,+24.342E+00,+4.959E+00
-18.400E+00,+24.383E+00,+4.718E+00
-18.300E+00,+24.543E+00,+5.039E+00
-18.200E+00,+24.543E+00,+4.677E+00
-18.100E+00,+24.543E+00,+4.919E+00
-18.000E+00,+24.543E+00,+4.959E+00
-17.900E+00,+24.704E+00,+4.758E+00
-17.800E+00,+24.543E+00,+4.838E+00
-17.700E+00,+24.543E+00,+4.838E+00
-17.600E+00,+24.584E+00,+4.919E+00
-17.500E+00,+24.543E+00,+4.959E+00
-17.400E+00,+24.744E+00,+4.999E+00
-17.300E+00,+24.664E+00,+5.079E+00
-17.200E+00,+24.744E+00,+5.079E+00
-17.100E+00,+24.704E+00,+4.999E+00
-17.000E+00,+24.543E+00,+5.160E+00
-16.900E+00,+24.905E+00,+4.999E+00
-16.800E+00,+24.744E+00,+5.160E+00
-16.700E+00,+24.744E+00,+5.160E+00
-16.600E+00,+24.905E+00,+5.160E+00
-16.500E+00,+24.945E+00,+5.361E+00
-16.400E+00,+24.945E+00,+5.321E+00
-16.300E+00,+24.744E+00,+5.160E+00
-16.200E+00,+24.986E+00,+5.280E+00
-16.100E+00,+24.905E+00,+5.160E+00
-16.000E+00,+24.744E+00,+5.160E+00
-15.900E+00,+24.945E+00,+5.361E+00
-15.800E+00,+25.026E+00,+5.280E+00
-15.700E+00,+24.945E+00,+5.481E+00
-15.600E+00,+24.945E+00,+5.361E+00
-15.500E+00,+24.945E+00,+5.361E+00
-15.400E+00,+24.945E+00,+5.321E+00
-15.300E+00,+24.945E+00,+5.240E+00
-15.200E+00,+25.026E+00,+5.361E+00
-15.100E+00,+25.267E+00,+5.481E+00
-15.000E+00,+25.146E+00,+5.562E+00
-14.900E+00,+24.986E+00,+5.562E+00
-14.800E+00,+25.066E+00,+5.361E+00
-14.700E+00,+25.146E+00,+5.562E+00
-14.600E+00,+24.986E+00,+5.562E+00
-14.500E+00,+25.146E+00,+5.361E+00
-14.400E+00,+25.307E+00,+5.682E+00
-14.300E+00,+25.146E+00,+5.562E+00
-14.200E+00,+25.146E+00,+5.562E+00
-14.100E+00,+25.187E+00,+5.602E+00
-14.000E+00,+25.146E+00,+5.763E+00
-13.900E+00,+25.187E+00,+5.763E+00
-13.800E+00,+25.267E+00,+5.682E+00
-13.700E+00,+25.267E+00,+5.763E+00
-13.600E+00,+25.146E+00,+5.924E+00
-13.500E+00,+25.146E+00,+5.964E+00
-13.400E+00,+25.388E+00,+5.803E+00
-13.300E+00,+25.468E+00,+5.843E+00
-13.200E+00,+25.267E+00,+5.964E+00
-13.100E+00,+25.347E+00,+5.803E+00
-13.000E+00,+25.347E+00,+5.763E+00
-12.900E+00,+25.347E+00,+5.964E+00
-12.800E+00,+25.468E+00,+6.044E+00
-12.700E+00,+25.388E+00,+5.964E+00
-12.600E+00,+25.347E+00,+5.964E+00
-12.500E+00,+25.347E+00,+6.165E+00
-12.400E+00,+25.187E+00,+6.165E+00
-12.300E+00,+25.548E+00,+6.044E+00
-12.200E+00,+25.428E+00,+6.044E+00
-12.100E+00,+25.548E+00,+6.165E+00
-12.000E+00,+25.548E+00,+6.366E+00
-11.900E+00,+25.548E+00,+6.165E+00
-11.800E+00,+25.548E+00,+6.165E+00
-11.700E+00,+25.347E+00,+6.245E+00
-11.600E+00,+25.388E+00,+6.205E+00
-11.500E+00,+25.548E+00,+6.165E+00
-11.400E+00,+25.749E+00,+6.406E+00
-11.300E+00,+25.548E+00,+6.487E+00
-11.200E+00,+25.548E+00,+6.406E+00
-11.100E+00,+25.548E+00,+6.527E+00
-11.000E+00,+25.749E+00,+6.366E+00
-10.900E+00,+25.548E+00,+6.406E+00
-10.800E+00,+25.548E+00,+6.487E+00
-10.700E+00,+25.669E+00,+6.567E+00
-10.600E+00,+25.508E+00,+6.567E+00
-10.500E+00,+25.749E+00,+6.567E+00
-10.400E+00,+25.709E+00,+6.567E+00
-10.300E+00,+25.749E+00,+6.768E+00
-10.200E+00,+25.870E+00,+6.567E+00
-10.100E+00,+25.950E+00,+6.768E+00
-10.000E+00,+25.950E+00,+6.969E+00
-9.900E+00,+25.749E+00,+6.768E+00
-9.800E+00,+25.870E+00,+6.969E+00
-9.700E+00,+25.950E+00,+6.889E+00
-9.600E+00,+25.790E+00,+6.768E+00
-9.500E+00,+25.749E+00,+6.969E+00
-9.400E+00,+25.910E+00,+6.969E+00
-9.300E+00,+25.870E+00,+6.969E+00
-9.200E+00,+25.950E+00,+7.170E+00
-9.100E+00,+25.790E+00,+7.170E+00
-9.000E+00,+25.950E+00,+6.969E+00
-8.900E+00,+25.950E+00,+7.009E+00
-8.800E+00,+26.071E+00,+7.170E+00
-8.700E+00,+26.071E+00,+7.170E+00
-8.600E+00,+26.151E+00,+7.210E+00
-8.500E+00,+25.950E+00,+7.170E+00
-8.400E+00,+25.950E+00,+7.331E+00
-8.300E+00,+25.870E+00,+7.291E+00
-8.200E+00,+26.071E+00,+7.371E+00
-8.100E+00,+25.950E+00,+7.371E+00
-8.000E+00,+26.151E+00,+7.371E+00
-7.900E+00,+26.151E+00,+7.371E+00
-7.800E+00,+26.151E+00,+7.331E+00
-7.700E+00,+25.991E+00,+7.532E+00
-7.600E+00,+26.312E+00,+7.572E+00
-7.500E+00,+25.950E+00,+7.572E+00
-7.400E+00,+26.312E+00,+7.532E+00
-7.300E+00,+26.151E+00,+7.572E+00
-7.200E+00,+26.312E+00,+7.693E+00
-7.100E+00,+26.312E+00,+7.532E+00
-7.000E+00,+26.151E+00,+7.572E+00
-6.900E+00,+26.352E+00,+7.693E+00
-6.800E+00,+26.352E+00,+7.773E+00
-6.700E+00,+26.352E+00,+7.773E+00
-6.600E+00,+26.393E+00,+7.733E+00
-6.500E+00,+26.553E+00,+7.773E+00
-6.400E+00,+26.352E+00,+7.773E+00
-6.300E+00,+26.473E+00,+7.652E+00
-6.200E+00,+26.473E+00,+7.894E+00
-6.100E+00,+26.513E+00,+7.974E+00
-6.000E+00,+26.352E+00,+7.773E+00
-5.900E+00,+26.513E+00,+7.934E+00
-5.800E+00,+26.674E+00,+7.974E+00
-5.700E+00,+26.473E+00,+7.974E+00
-5.600E+00,+26.352E+00,+7.974E+00
-5.500E+00,+26.553E+00,+7.974E+00
-5.400E+00,+26.553E+00,+7.974E+00
-5.300E+00,+26.433E+00,+8.175E+00
-5.200E+00,+26.553E+00,+8.054E+00
-5.100E+00,+26.594E+00,+8.135E+00
-5.000E+00,+26.553E+00,+8.175E+00
-4.900E+00,+26.553E+00,+8.014E+00
-4.800E+00,+26.634E+00,+8.175E+00
-4.700E+00,+26.433E+00,+8.175E+00
-4.600E+00,+26.553E+00,+8.175E+00
-4.500E+00,+26.553E+00,+8.175E+00
-4.400E+00,+26.594E+00,+8.376E+00
-4.300E+00,+26.754E+00,+8.416E+00
-4.200E+00,+26.754E+00,+8.255E+00
-4.100E+00,+26.714E+00,+8.175E+00
-4.000E+00,+26.754E+00,+8.175E+00
-3.900E+00,+26.594E+00,+8.376E+00
-3.800E+00,+26.634E+00,+8.376E+00
-3.700E+00,+26.835E+00,+8.296E+00
-3.600E+00,+26.875E+00,+8.376E+00
-3.500E+00,+26.754E+00,+8.376E+00
-3.400E+00,+26.915E+00,+8.215E+00
-3.300E+00,+26.835E+00,+8.376E+00
-3.200E+00,+26.835E+00,+8.376E+00
-3.100E+00,+26.795E+00,+8.537E+00
-3.000E+00,+26.754E+00,+8.376E+00
-2.900E+00,+26.795E+00,+8.577E+00
-2.800E+00,+26.955E+00,+8.376E+00
-2.700E+00,+26.955E+00,+8.376E+00
-2.600E+00,+26.955E+00,+8.577E+00
-2.500E+00,+27.156E+00,+8.577E+00
-2.400E+00,+27.156E+00,+8.577E+00
-2.300E+00,+26.955E+00,+8.376E+00
-2.200E+00,+26.955E+00,+8.456E+00
-2.100E+00,+27.116E+00,+8.416E+00
-2.000E+00,+26.754E+00,+8.376E+00
-1.900E+00,+27.156E+00,+8.537E+00
-1.800E+00,+27.116E+00,+8.497E+00
-1.700E+00,+27.277E+00,+8.456E+00
-1.600E+00,+27.116E+00,+8.255E+00
-1.500E+00,+27.156E+00,+8.376E+00
-1.400E+00,+26.996E+00,+8.376E+00
-1.300E+00,+27.357E+00,+8.497E+00
-1.200E+00,+27.156E+00,+8.376E+00
-1.100E+00,+27.116E+00,+8.537E+00
-1.000E+00,+26.955E+00,+8.577E+00
-900E-03,+27.317E+00,+8.617E+00
-800E-03,+27.076E+00,+8.456E+00
-700E-03,+27.156E+00,+8.657E+00
-600E-03,+27.036E+00,+8.577E+00
-500E-03,+27.156E+00,+8.577E+00
-400E-03,+27.156E+00,+8.577E+00
-300E-03,+27.398E+00,+8.577E+00
-200E-03,+27.156E+00,+8.497E+00
-100E-03,+27.156E+00,+8.416E+00
